Type/Name,Rarity,Balance,Category,Min Parts,Max Parts,Weight,Part,Dependencies,Excluders
Generic,01/Common,Balance_Amulets_01_Common,CLASS,1,1,1,Part_Amulet_ClassStat_Barbarian,,
Generic,01/Common,Balance_Amulets_01_Common,CLASS,1,1,1,Part_Amulet_ClassStat_GunMage,,
Generic,01/Common,Balance_Amulets_01_Common,CLASS,1,1,1,Part_Amulet_ClassStat_KotC,,
Generic,01/Common,Balance_Amulets_01_Common,CLASS,1,1,1,Part_Amulet_ClassStat_Necromancer,,
Generic,01/Common,Balance_Amulets_01_Common,CLASS,1,1,1,Part_Amulet_ClassStat_Ranger,,
Generic,01/Common,Balance_Amulets_01_Common,CLASS,1,1,1,Part_Amulet_ClassStat_Rogue,,
Generic,01/Common,Balance_Amulets_01_Common,ELEMENT,1,1,1,Part_Amulet_Ele_NonElemental,,
Generic,01/Common,Balance_Amulets_01_Common,RARITY,1,1,1,Part_Amulet_01_Common,,
Generic,02/Uncommon,Balance_Amulets_02_Uncommon,CLASS,1,1,1,Part_Amulet_ClassStat_Barbarian,,
Generic,02/Uncommon,Balance_Amulets_02_Uncommon,CLASS,1,1,1,Part_Amulet_ClassStat_GunMage,,
Generic,02/Uncommon,Balance_Amulets_02_Uncommon,CLASS,1,1,1,Part_Amulet_ClassStat_KotC,,
Generic,02/Uncommon,Balance_Amulets_02_Uncommon,CLASS,1,1,1,Part_Amulet_ClassStat_Necromancer,,
Generic,02/Uncommon,Balance_Amulets_02_Uncommon,CLASS,1,1,1,Part_Amulet_ClassStat_Ranger,,
Generic,02/Uncommon,Balance_Amulets_02_Uncommon,CLASS,1,1,1,Part_Amulet_ClassStat_Rogue,,
Generic,02/Uncommon,Balance_Amulets_02_Uncommon,ELEMENT,1,1,0.4,Part_Amulet_Ele_Fire,,
Generic,02/Uncommon,Balance_Amulets_02_Uncommon,ELEMENT,1,1,0.4,Part_Amulet_Ele_Acid,,
Generic,02/Uncommon,Balance_Amulets_02_Uncommon,ELEMENT,1,1,0.4,Part_Amulet_Ele_Shock,,
Generic,02/Uncommon,Balance_Amulets_02_Uncommon,ELEMENT,1,1,0.4,Part_Amulet_Ele_Cryo,,
Generic,02/Uncommon,Balance_Amulets_02_Uncommon,ELEMENT,1,1,0.4,Part_Amulet_Ele_Blood,,
Generic,02/Uncommon,Balance_Amulets_02_Uncommon,ELEMENT,1,1,1,None,,
Generic,02/Uncommon,Balance_Amulets_02_Uncommon,ELEMENT,1,1,1,Part_Amulet_Ele_NonElemental,,
Generic,02/Uncommon,Balance_Amulets_02_Uncommon,EFFECT,0,1,0.35,Part_Amulet_Minor_GunFireRate,,
Generic,02/Uncommon,Balance_Amulets_02_Uncommon,EFFECT,0,1,1,Part_Amulet_Minor_GunHandling,,
Generic,02/Uncommon,Balance_Amulets_02_Uncommon,EFFECT,0,1,1,Part_Amulet_Minor_GunMagazineSize,,
Generic,02/Uncommon,Balance_Amulets_02_Uncommon,EFFECT,0,1,1,Part_Amulet_Minor_GunReload,,
Generic,02/Uncommon,Balance_Amulets_02_Uncommon,EFFECT,0,1,0.5,Part_Amulet_Minor_SkillCooldown,,
Generic,02/Uncommon,Balance_Amulets_02_Uncommon,EFFECT,0,1,1,Part_Amulet_Minor_StatusChance,,
Generic,02/Uncommon,Balance_Amulets_02_Uncommon,EFFECT,0,1,1,Part_Amulet_Minor_StatusDamage,,
Generic,02/Uncommon,Balance_Amulets_02_Uncommon,RARITY,1,1,1,Part_Amulet_02_Uncommon,,
Generic,03/Rare,Balance_Amulets_03_Rare,CLASS,1,1,1,Part_Amulet_ClassStat_Barbarian,,
Generic,03/Rare,Balance_Amulets_03_Rare,CLASS,1,1,1,Part_Amulet_ClassStat_GunMage,,
Generic,03/Rare,Balance_Amulets_03_Rare,CLASS,1,1,1,Part_Amulet_ClassStat_KotC,,
Generic,03/Rare,Balance_Amulets_03_Rare,CLASS,1,1,1,Part_Amulet_ClassStat_Necromancer,,
Generic,03/Rare,Balance_Amulets_03_Rare,CLASS,1,1,1,Part_Amulet_ClassStat_Ranger,,
Generic,03/Rare,Balance_Amulets_03_Rare,CLASS,1,1,1,Part_Amulet_ClassStat_Rogue,,
Generic,03/Rare,Balance_Amulets_03_Rare,ELEMENT,1,1,1,Part_Amulet_Ele_Fire,,
Generic,03/Rare,Balance_Amulets_03_Rare,ELEMENT,1,1,1,Part_Amulet_Ele_Acid,,
Generic,03/Rare,Balance_Amulets_03_Rare,ELEMENT,1,1,1,Part_Amulet_Ele_Shock,,
Generic,03/Rare,Balance_Amulets_03_Rare,ELEMENT,1,1,1,Part_Amulet_Ele_Cryo,,
Generic,03/Rare,Balance_Amulets_03_Rare,ELEMENT,1,1,1,Part_Amulet_Ele_Blood,,
Generic,03/Rare,Balance_Amulets_03_Rare,EFFECT,1,2,0.5,Part_Amulet_Minor_AllDamage,,
Generic,03/Rare,Balance_Amulets_03_Rare,EFFECT,1,2,0.35,Part_Amulet_Minor_AllDamage,,
Generic,03/Rare,Balance_Amulets_03_Rare,EFFECT,1,2,0.35,Part_Amulet_Minor_GunFireRate,,
Generic,03/Rare,Balance_Amulets_03_Rare,EFFECT,1,2,0.245,Part_Amulet_Minor_GunFireRate,,
Generic,03/Rare,Balance_Amulets_03_Rare,EFFECT,1,2,1,Part_Amulet_Minor_GunHandling,,
Generic,03/Rare,Balance_Amulets_03_Rare,EFFECT,1,2,0.7,Part_Amulet_Minor_GunHandling,,
Generic,03/Rare,Balance_Amulets_03_Rare,EFFECT,1,2,1,Part_Amulet_Minor_GunMagazineSize,,
Generic,03/Rare,Balance_Amulets_03_Rare,EFFECT,1,2,0.7,Part_Amulet_Minor_GunMagazineSize,,
Generic,03/Rare,Balance_Amulets_03_Rare,EFFECT,1,2,1,Part_Amulet_Minor_GunReload,,
Generic,03/Rare,Balance_Amulets_03_Rare,EFFECT,1,2,0.7,Part_Amulet_Minor_GunReload,,
Generic,03/Rare,Balance_Amulets_03_Rare,EFFECT,1,2,0.5,Part_Amulet_Minor_Luck,,
Generic,03/Rare,Balance_Amulets_03_Rare,EFFECT,1,2,0.35,Part_Amulet_Minor_Luck,,
Generic,03/Rare,Balance_Amulets_03_Rare,EFFECT,1,2,1,Part_Amulet_Minor_SkillCooldown,,
Generic,03/Rare,Balance_Amulets_03_Rare,EFFECT,1,2,0.7,Part_Amulet_Minor_SkillCooldown,,
Generic,03/Rare,Balance_Amulets_03_Rare,EFFECT,1,2,1,Part_Amulet_Minor_StatusChance,,
Generic,03/Rare,Balance_Amulets_03_Rare,EFFECT,1,2,0.7,Part_Amulet_Minor_StatusChance,,
Generic,03/Rare,Balance_Amulets_03_Rare,EFFECT,1,2,1,Part_Amulet_Minor_StatusDamage,,
Generic,03/Rare,Balance_Amulets_03_Rare,EFFECT,1,2,0.7,Part_Amulet_Minor_StatusDamage,,
Generic,03/Rare,Balance_Amulets_03_Rare,EFFECT,1,2,1,Part_Amulet_Minor_DarkMagic_MaxLeech,,
Generic,03/Rare,Balance_Amulets_03_Rare,EFFECT,1,2,0.7,Part_Amulet_Minor_DarkMagic_MaxLeech,,
Generic,03/Rare,Balance_Amulets_03_Rare,RARITY,1,1,1,Part_Amulet_03_Rare,,
Generic,04/Very Rare,Balance_Amulets_04_VeryRare,CLASS,1,1,1,Part_Amulet_ClassStat_Barbarian,,
Generic,04/Very Rare,Balance_Amulets_04_VeryRare,CLASS,1,1,1,Part_Amulet_ClassStat_GunMage,,
Generic,04/Very Rare,Balance_Amulets_04_VeryRare,CLASS,1,1,1,Part_Amulet_ClassStat_KotC,,
Generic,04/Very Rare,Balance_Amulets_04_VeryRare,CLASS,1,1,1,Part_Amulet_ClassStat_Necromancer,,
Generic,04/Very Rare,Balance_Amulets_04_VeryRare,CLASS,1,1,1,Part_Amulet_ClassStat_Ranger,,
Generic,04/Very Rare,Balance_Amulets_04_VeryRare,CLASS,1,1,1,Part_Amulet_ClassStat_Rogue,,
Generic,04/Very Rare,Balance_Amulets_04_VeryRare,ELEMENT,1,1,1,Part_Amulet_Ele_Fire,,
Generic,04/Very Rare,Balance_Amulets_04_VeryRare,ELEMENT,1,1,1,Part_Amulet_Ele_Acid,,
Generic,04/Very Rare,Balance_Amulets_04_VeryRare,ELEMENT,1,1,1,Part_Amulet_Ele_Shock,,
Generic,04/Very Rare,Balance_Amulets_04_VeryRare,ELEMENT,1,1,1,Part_Amulet_Ele_Cryo,,
Generic,04/Very Rare,Balance_Amulets_04_VeryRare,ELEMENT,1,1,1,Part_Amulet_Ele_Blood,,
Generic,04/Very Rare,Balance_Amulets_04_VeryRare,EFFECT,2,2,0.5,Part_Amulet_Minor_AllDamage,,
Generic,04/Very Rare,Balance_Amulets_04_VeryRare,EFFECT,2,2,0.35,Part_Amulet_Minor_AllDamage,,
Generic,04/Very Rare,Balance_Amulets_04_VeryRare,EFFECT,2,2,0.35,Part_Amulet_Minor_GunFireRate,,
Generic,04/Very Rare,Balance_Amulets_04_VeryRare,EFFECT,2,2,0.245,Part_Amulet_Minor_GunFireRate,,
Generic,04/Very Rare,Balance_Amulets_04_VeryRare,EFFECT,2,2,1,Part_Amulet_Minor_GunHandling,,
Generic,04/Very Rare,Balance_Amulets_04_VeryRare,EFFECT,2,2,0.7,Part_Amulet_Minor_GunHandling,,
Generic,04/Very Rare,Balance_Amulets_04_VeryRare,EFFECT,2,2,1,Part_Amulet_Minor_GunMagazineSize,,
Generic,04/Very Rare,Balance_Amulets_04_VeryRare,EFFECT,2,2,0.7,Part_Amulet_Minor_GunMagazineSize,,
Generic,04/Very Rare,Balance_Amulets_04_VeryRare,EFFECT,2,2,1,Part_Amulet_Minor_GunReload,,
Generic,04/Very Rare,Balance_Amulets_04_VeryRare,EFFECT,2,2,0.7,Part_Amulet_Minor_GunReload,,
Generic,04/Very Rare,Balance_Amulets_04_VeryRare,EFFECT,2,2,0.5,Part_Amulet_Minor_Luck,,
Generic,04/Very Rare,Balance_Amulets_04_VeryRare,EFFECT,2,2,0.35,Part_Amulet_Minor_Luck,,
Generic,04/Very Rare,Balance_Amulets_04_VeryRare,EFFECT,2,2,1,Part_Amulet_Minor_SkillCooldown,,
Generic,04/Very Rare,Balance_Amulets_04_VeryRare,EFFECT,2,2,0.7,Part_Amulet_Minor_SkillCooldown,,
Generic,04/Very Rare,Balance_Amulets_04_VeryRare,EFFECT,2,2,1,Part_Amulet_Minor_StatusChance,,
Generic,04/Very Rare,Balance_Amulets_04_VeryRare,EFFECT,2,2,0.7,Part_Amulet_Minor_StatusChance,,
Generic,04/Very Rare,Balance_Amulets_04_VeryRare,EFFECT,2,2,1,Part_Amulet_Minor_StatusDamage,,
Generic,04/Very Rare,Balance_Amulets_04_VeryRare,EFFECT,2,2,0.7,Part_Amulet_Minor_StatusDamage,,
Generic,04/Very Rare,Balance_Amulets_04_VeryRare,EFFECT,2,2,1,Part_Amulet_Minor_DarkMagic_MaxLeech,,
Generic,04/Very Rare,Balance_Amulets_04_VeryRare,EFFECT,2,2,0.7,Part_Amulet_Minor_DarkMagic_MaxLeech,,
Generic,04/Very Rare,Balance_Amulets_04_VeryRare,RARITY,1,1,1,Part_Amulet_04_VeryRare,,
Barboload,Named Amulet,Balance_Amulet_Unique_Barboload,UNIQUE,1,1,1,Part_Amulet_Barboload,,
Barboload,Named Amulet,Balance_Amulet_Unique_Barboload,CLASS,1,1,1,Part_Amulet_ClassStat_Barbarian,,
Barboload,Named Amulet,Balance_Amulet_Unique_Barboload,CLASS,1,1,1,Part_Amulet_ClassStat_GunMage,,
Barboload,Named Amulet,Balance_Amulet_Unique_Barboload,CLASS,1,1,1,Part_Amulet_ClassStat_KotC,,
Barboload,Named Amulet,Balance_Amulet_Unique_Barboload,CLASS,1,1,1,Part_Amulet_ClassStat_Necromancer,,
Barboload,Named Amulet,Balance_Amulet_Unique_Barboload,CLASS,1,1,1,Part_Amulet_ClassStat_Ranger,,
Barboload,Named Amulet,Balance_Amulet_Unique_Barboload,CLASS,1,1,1,Part_Amulet_ClassStat_Rogue,,
Barboload,Named Amulet,Balance_Amulet_Unique_Barboload,ELEMENT,1,1,1,Part_Amulet_Ele_Acid,,
Barboload,Named Amulet,Balance_Amulet_Unique_Barboload,ELEMENT,1,1,1,Part_Amulet_Ele_Blood,,
Barboload,Named Amulet,Balance_Amulet_Unique_Barboload,ELEMENT,1,1,1,Part_Amulet_Ele_Cryo,,
Barboload,Named Amulet,Balance_Amulet_Unique_Barboload,ELEMENT,1,1,1,Part_Amulet_Ele_Fire,,
Barboload,Named Amulet,Balance_Amulet_Unique_Barboload,ELEMENT,1,1,1,Part_Amulet_Ele_NonElemental,,
Barboload,Named Amulet,Balance_Amulet_Unique_Barboload,ELEMENT,1,1,1,Part_Amulet_Ele_Shock,,
Barboload,Named Amulet,Balance_Amulet_Unique_Barboload,EFFECT,1,2,1,Part_Amulet_Minor_AllDamage,,
Barboload,Named Amulet,Balance_Amulet_Unique_Barboload,EFFECT,1,2,1,Part_Amulet_Minor_AllDamage,,
Barboload,Named Amulet,Balance_Amulet_Unique_Barboload,EFFECT,1,2,0.5,Part_Amulet_Minor_GunFireRate,,
Barboload,Named Amulet,Balance_Amulet_Unique_Barboload,EFFECT,1,2,0.5,Part_Amulet_Minor_GunFireRate,,
Barboload,Named Amulet,Balance_Amulet_Unique_Barboload,EFFECT,1,2,1,Part_Amulet_Minor_GunHandling,,
Barboload,Named Amulet,Balance_Amulet_Unique_Barboload,EFFECT,1,2,1,Part_Amulet_Minor_GunHandling,,
Barboload,Named Amulet,Balance_Amulet_Unique_Barboload,EFFECT,1,2,1,Part_Amulet_Minor_GunMagazineSize,,
Barboload,Named Amulet,Balance_Amulet_Unique_Barboload,EFFECT,1,2,1,Part_Amulet_Minor_GunMagazineSize,,
Barboload,Named Amulet,Balance_Amulet_Unique_Barboload,EFFECT,1,2,1,Part_Amulet_Minor_GunReload,,
Barboload,Named Amulet,Balance_Amulet_Unique_Barboload,EFFECT,1,2,1,Part_Amulet_Minor_GunReload,,
Barboload,Named Amulet,Balance_Amulet_Unique_Barboload,EFFECT,1,2,1,Part_Amulet_Minor_Luck,,
Barboload,Named Amulet,Balance_Amulet_Unique_Barboload,EFFECT,1,2,1,Part_Amulet_Minor_Luck,,
Barboload,Named Amulet,Balance_Amulet_Unique_Barboload,EFFECT,1,2,0.5,Part_Amulet_Minor_SkillCooldown,,
Barboload,Named Amulet,Balance_Amulet_Unique_Barboload,EFFECT,1,2,0.5,Part_Amulet_Minor_SkillCooldown,,
Barboload,Named Amulet,Balance_Amulet_Unique_Barboload,EFFECT,1,2,1,Part_Amulet_Minor_StatusChance,,
Barboload,Named Amulet,Balance_Amulet_Unique_Barboload,EFFECT,1,2,1,Part_Amulet_Minor_StatusChance,,
Barboload,Named Amulet,Balance_Amulet_Unique_Barboload,EFFECT,1,2,1,Part_Amulet_Minor_StatusDamage,,
Barboload,Named Amulet,Balance_Amulet_Unique_Barboload,EFFECT,1,2,1,Part_Amulet_Minor_StatusDamage,,
Barboload,Named Amulet,Balance_Amulet_Unique_Barboload,EFFECT,1,2,1,Part_Amulet_Minor_DarkMagic_MaxLeech,,
Barboload,Named Amulet,Balance_Amulet_Unique_Barboload,EFFECT,1,2,1,Part_Amulet_Minor_DarkMagic_MaxLeech,,
Barboload,Named Amulet,Balance_Amulet_Unique_Barboload,RARITY,1,1,1,Part_Amulet_05_LegenDary,,
Blaze Of Glory,Named Amulet,Balance_Amulet_Unique_BlazeOfGlory,UNIQUE,1,1,1,Part_Amulet_BlazeOfGlory,,
Blaze Of Glory,Named Amulet,Balance_Amulet_Unique_BlazeOfGlory,CLASS,1,1,1,Part_Amulet_ClassStat_Barbarian,,
Blaze Of Glory,Named Amulet,Balance_Amulet_Unique_BlazeOfGlory,CLASS,1,1,1,Part_Amulet_ClassStat_GunMage,,
Blaze Of Glory,Named Amulet,Balance_Amulet_Unique_BlazeOfGlory,CLASS,1,1,1,Part_Amulet_ClassStat_KotC,,
Blaze Of Glory,Named Amulet,Balance_Amulet_Unique_BlazeOfGlory,CLASS,1,1,1,Part_Amulet_ClassStat_Necromancer,,
Blaze Of Glory,Named Amulet,Balance_Amulet_Unique_BlazeOfGlory,CLASS,1,1,1,Part_Amulet_ClassStat_Ranger,,
Blaze Of Glory,Named Amulet,Balance_Amulet_Unique_BlazeOfGlory,CLASS,1,1,1,Part_Amulet_ClassStat_Rogue,,
Blaze Of Glory,Named Amulet,Balance_Amulet_Unique_BlazeOfGlory,ELEMENT,1,1,1,Part_Amulet_Ele_Acid,,
Blaze Of Glory,Named Amulet,Balance_Amulet_Unique_BlazeOfGlory,ELEMENT,1,1,1,Part_Amulet_Ele_Blood,,
Blaze Of Glory,Named Amulet,Balance_Amulet_Unique_BlazeOfGlory,ELEMENT,1,1,1,Part_Amulet_Ele_Cryo,,
Blaze Of Glory,Named Amulet,Balance_Amulet_Unique_BlazeOfGlory,ELEMENT,1,1,1,Part_Amulet_Ele_Fire,,
Blaze Of Glory,Named Amulet,Balance_Amulet_Unique_BlazeOfGlory,ELEMENT,1,1,1,Part_Amulet_Ele_Shock,,
Blaze Of Glory,Named Amulet,Balance_Amulet_Unique_BlazeOfGlory,EFFECT,1,2,0.5,Part_Amulet_Minor_AllDamage,,
Blaze Of Glory,Named Amulet,Balance_Amulet_Unique_BlazeOfGlory,EFFECT,1,2,0.35,Part_Amulet_Minor_AllDamage,,
Blaze Of Glory,Named Amulet,Balance_Amulet_Unique_BlazeOfGlory,EFFECT,1,2,0.35,Part_Amulet_Minor_GunFireRate,,
Blaze Of Glory,Named Amulet,Balance_Amulet_Unique_BlazeOfGlory,EFFECT,1,2,0.245,Part_Amulet_Minor_GunFireRate,,
Blaze Of Glory,Named Amulet,Balance_Amulet_Unique_BlazeOfGlory,EFFECT,1,2,1,Part_Amulet_Minor_GunHandling,,
Blaze Of Glory,Named Amulet,Balance_Amulet_Unique_BlazeOfGlory,EFFECT,1,2,0.7,Part_Amulet_Minor_GunHandling,,
Blaze Of Glory,Named Amulet,Balance_Amulet_Unique_BlazeOfGlory,EFFECT,1,2,1,Part_Amulet_Minor_GunMagazineSize,,
Blaze Of Glory,Named Amulet,Balance_Amulet_Unique_BlazeOfGlory,EFFECT,1,2,0.7,Part_Amulet_Minor_GunMagazineSize,,
Blaze Of Glory,Named Amulet,Balance_Amulet_Unique_BlazeOfGlory,EFFECT,1,2,1,Part_Amulet_Minor_GunReload,,
Blaze Of Glory,Named Amulet,Balance_Amulet_Unique_BlazeOfGlory,EFFECT,1,2,0.7,Part_Amulet_Minor_GunReload,,
Blaze Of Glory,Named Amulet,Balance_Amulet_Unique_BlazeOfGlory,EFFECT,1,2,0.5,Part_Amulet_Minor_Luck,,
Blaze Of Glory,Named Amulet,Balance_Amulet_Unique_BlazeOfGlory,EFFECT,1,2,0.35,Part_Amulet_Minor_Luck,,
Blaze Of Glory,Named Amulet,Balance_Amulet_Unique_BlazeOfGlory,EFFECT,1,2,1,Part_Amulet_Minor_SkillCooldown,,
Blaze Of Glory,Named Amulet,Balance_Amulet_Unique_BlazeOfGlory,EFFECT,1,2,0.7,Part_Amulet_Minor_SkillCooldown,,
Blaze Of Glory,Named Amulet,Balance_Amulet_Unique_BlazeOfGlory,EFFECT,1,2,1,Part_Amulet_Minor_StatusChance,,
Blaze Of Glory,Named Amulet,Balance_Amulet_Unique_BlazeOfGlory,EFFECT,1,2,0.7,Part_Amulet_Minor_StatusChance,,
Blaze Of Glory,Named Amulet,Balance_Amulet_Unique_BlazeOfGlory,EFFECT,1,2,1,Part_Amulet_Minor_StatusDamage,,
Blaze Of Glory,Named Amulet,Balance_Amulet_Unique_BlazeOfGlory,EFFECT,1,2,0.7,Part_Amulet_Minor_StatusDamage,,
Blaze Of Glory,Named Amulet,Balance_Amulet_Unique_BlazeOfGlory,EFFECT,1,2,1,Part_Amulet_Minor_DarkMagic_MaxLeech,,
Blaze Of Glory,Named Amulet,Balance_Amulet_Unique_BlazeOfGlory,EFFECT,1,2,0.7,Part_Amulet_Minor_DarkMagic_MaxLeech,,
Blaze Of Glory,Named Amulet,Balance_Amulet_Unique_BlazeOfGlory,RARITY,1,1,1,Part_Amulet_05_LegenDary,,
Bradluck,Named Amulet,Balance_Amulet_Unique_Bradluck,UNIQUE,2,2,1,Part_Amulet_Bradluck_Base,,
Bradluck,Named Amulet,Balance_Amulet_Unique_Bradluck,UNIQUE,2,2,1,Part_Amulet_Bradluck_ElementalDamage,,
Bradluck,Named Amulet,Balance_Amulet_Unique_Bradluck,CLASS,1,1,1,Part_Amulet_ClassStat_Barbarian,,
Bradluck,Named Amulet,Balance_Amulet_Unique_Bradluck,CLASS,1,1,1,Part_Amulet_ClassStat_GunMage,,
Bradluck,Named Amulet,Balance_Amulet_Unique_Bradluck,CLASS,1,1,1,Part_Amulet_ClassStat_KotC,,
Bradluck,Named Amulet,Balance_Amulet_Unique_Bradluck,CLASS,1,1,1,Part_Amulet_ClassStat_Necromancer,,
Bradluck,Named Amulet,Balance_Amulet_Unique_Bradluck,CLASS,1,1,1,Part_Amulet_ClassStat_Ranger,,
Bradluck,Named Amulet,Balance_Amulet_Unique_Bradluck,CLASS,1,1,1,Part_Amulet_ClassStat_Rogue,,
Bradluck,Named Amulet,Balance_Amulet_Unique_Bradluck,EFFECT,2,2,1,Part_Amulet_Minor_Luck,,
Bradluck,Named Amulet,Balance_Amulet_Unique_Bradluck,EFFECT,2,2,1,Part_Amulet_Minor_Luck,,
Bradluck,Named Amulet,Balance_Amulet_Unique_Bradluck,RARITY,1,1,1,Part_Amulet_05_LegenDary,,
Frenzied Wrath,Named Amulet,Balance_Amulet_Unique_Frenzied,UNIQUE,1,1,1,Part_Amulet_Frenzied,,
Frenzied Wrath,Named Amulet,Balance_Amulet_Unique_Frenzied,CLASS,1,1,1,Part_Amulet_ClassStat_Barbarian,,
Frenzied Wrath,Named Amulet,Balance_Amulet_Unique_Frenzied,CLASS,1,1,1,Part_Amulet_ClassStat_GunMage,,
Frenzied Wrath,Named Amulet,Balance_Amulet_Unique_Frenzied,CLASS,1,1,1,Part_Amulet_ClassStat_KotC,,
Frenzied Wrath,Named Amulet,Balance_Amulet_Unique_Frenzied,CLASS,1,1,1,Part_Amulet_ClassStat_Necromancer,,
Frenzied Wrath,Named Amulet,Balance_Amulet_Unique_Frenzied,CLASS,1,1,1,Part_Amulet_ClassStat_Ranger,,
Frenzied Wrath,Named Amulet,Balance_Amulet_Unique_Frenzied,CLASS,1,1,1,Part_Amulet_ClassStat_Rogue,,
Frenzied Wrath,Named Amulet,Balance_Amulet_Unique_Frenzied,ELEMENT,1,1,1,Part_Amulet_Ele_Acid,,
Frenzied Wrath,Named Amulet,Balance_Amulet_Unique_Frenzied,ELEMENT,1,1,1,Part_Amulet_Ele_Blood,,
Frenzied Wrath,Named Amulet,Balance_Amulet_Unique_Frenzied,ELEMENT,1,1,1,Part_Amulet_Ele_Cryo,,
Frenzied Wrath,Named Amulet,Balance_Amulet_Unique_Frenzied,ELEMENT,1,1,1,Part_Amulet_Ele_Fire,,
Frenzied Wrath,Named Amulet,Balance_Amulet_Unique_Frenzied,ELEMENT,1,1,1,Part_Amulet_Ele_Shock,,
Frenzied Wrath,Named Amulet,Balance_Amulet_Unique_Frenzied,EFFECT,1,2,0.5,Part_Amulet_Minor_AllDamage,,
Frenzied Wrath,Named Amulet,Balance_Amulet_Unique_Frenzied,EFFECT,1,2,0.35,Part_Amulet_Minor_AllDamage,,
Frenzied Wrath,Named Amulet,Balance_Amulet_Unique_Frenzied,EFFECT,1,2,0.35,Part_Amulet_Minor_GunFireRate,,
Frenzied Wrath,Named Amulet,Balance_Amulet_Unique_Frenzied,EFFECT,1,2,0.245,Part_Amulet_Minor_GunFireRate,,
Frenzied Wrath,Named Amulet,Balance_Amulet_Unique_Frenzied,EFFECT,1,2,1,Part_Amulet_Minor_GunHandling,,
Frenzied Wrath,Named Amulet,Balance_Amulet_Unique_Frenzied,EFFECT,1,2,0.7,Part_Amulet_Minor_GunHandling,,
Frenzied Wrath,Named Amulet,Balance_Amulet_Unique_Frenzied,EFFECT,1,2,1,Part_Amulet_Minor_GunMagazineSize,,
Frenzied Wrath,Named Amulet,Balance_Amulet_Unique_Frenzied,EFFECT,1,2,0.7,Part_Amulet_Minor_GunMagazineSize,,
Frenzied Wrath,Named Amulet,Balance_Amulet_Unique_Frenzied,EFFECT,1,2,1,Part_Amulet_Minor_GunReload,,
Frenzied Wrath,Named Amulet,Balance_Amulet_Unique_Frenzied,EFFECT,1,2,0.7,Part_Amulet_Minor_GunReload,,
Frenzied Wrath,Named Amulet,Balance_Amulet_Unique_Frenzied,EFFECT,1,2,0.5,Part_Amulet_Minor_Luck,,
Frenzied Wrath,Named Amulet,Balance_Amulet_Unique_Frenzied,EFFECT,1,2,0.35,Part_Amulet_Minor_Luck,,
Frenzied Wrath,Named Amulet,Balance_Amulet_Unique_Frenzied,EFFECT,1,2,1,Part_Amulet_Minor_SkillCooldown,,
Frenzied Wrath,Named Amulet,Balance_Amulet_Unique_Frenzied,EFFECT,1,2,0.7,Part_Amulet_Minor_SkillCooldown,,
Frenzied Wrath,Named Amulet,Balance_Amulet_Unique_Frenzied,EFFECT,1,2,1,Part_Amulet_Minor_StatusChance,,
Frenzied Wrath,Named Amulet,Balance_Amulet_Unique_Frenzied,EFFECT,1,2,0.7,Part_Amulet_Minor_StatusChance,,
Frenzied Wrath,Named Amulet,Balance_Amulet_Unique_Frenzied,EFFECT,1,2,1,Part_Amulet_Minor_StatusDamage,,
Frenzied Wrath,Named Amulet,Balance_Amulet_Unique_Frenzied,EFFECT,1,2,0.7,Part_Amulet_Minor_StatusDamage,,
Frenzied Wrath,Named Amulet,Balance_Amulet_Unique_Frenzied,EFFECT,1,2,1,Part_Amulet_Minor_DarkMagic_MaxLeech,,
Frenzied Wrath,Named Amulet,Balance_Amulet_Unique_Frenzied,EFFECT,1,2,0.7,Part_Amulet_Minor_DarkMagic_MaxLeech,,
Frenzied Wrath,Named Amulet,Balance_Amulet_Unique_Frenzied,RARITY,1,1,1,Part_Amulet_05_LegenDary,,
Harbinger,Named Amulet,Balance_Amulet_Unique_Harbinger,UNIQUE,2,2,1,Part_Amulet_Harbinger,,
Harbinger,Named Amulet,Balance_Amulet_Unique_Harbinger,UNIQUE,2,2,1,Part_Amulet_Unique_WardMax,,
Harbinger,Named Amulet,Balance_Amulet_Unique_Harbinger,CLASS,1,1,1,Part_Amulet_ClassStat_Barbarian,,
Harbinger,Named Amulet,Balance_Amulet_Unique_Harbinger,CLASS,1,1,1,Part_Amulet_ClassStat_GunMage,,
Harbinger,Named Amulet,Balance_Amulet_Unique_Harbinger,CLASS,1,1,1,Part_Amulet_ClassStat_KotC,,
Harbinger,Named Amulet,Balance_Amulet_Unique_Harbinger,CLASS,1,1,1,Part_Amulet_ClassStat_Necromancer,,
Harbinger,Named Amulet,Balance_Amulet_Unique_Harbinger,CLASS,1,1,1,Part_Amulet_ClassStat_Ranger,,
Harbinger,Named Amulet,Balance_Amulet_Unique_Harbinger,CLASS,1,1,1,Part_Amulet_ClassStat_Rogue,,
Harbinger,Named Amulet,Balance_Amulet_Unique_Harbinger,ELEMENT,1,1,1,Part_Amulet_Ele_Acid,,
Harbinger,Named Amulet,Balance_Amulet_Unique_Harbinger,ELEMENT,1,1,1,Part_Amulet_Ele_Blood,,
Harbinger,Named Amulet,Balance_Amulet_Unique_Harbinger,ELEMENT,1,1,1,Part_Amulet_Ele_Cryo,,
Harbinger,Named Amulet,Balance_Amulet_Unique_Harbinger,ELEMENT,1,1,1,Part_Amulet_Ele_Fire,,
Harbinger,Named Amulet,Balance_Amulet_Unique_Harbinger,ELEMENT,1,1,1,Part_Amulet_Ele_Shock,,
Harbinger,Named Amulet,Balance_Amulet_Unique_Harbinger,EFFECT,1,1,1,Part_Amulet_Minor_AllDamage,,
Harbinger,Named Amulet,Balance_Amulet_Unique_Harbinger,EFFECT,1,1,0.5,Part_Amulet_Minor_GunFireRate,,
Harbinger,Named Amulet,Balance_Amulet_Unique_Harbinger,EFFECT,1,1,1,Part_Amulet_Minor_GunHandling,,
Harbinger,Named Amulet,Balance_Amulet_Unique_Harbinger,EFFECT,1,1,1,Part_Amulet_Minor_GunMagazineSize,,
Harbinger,Named Amulet,Balance_Amulet_Unique_Harbinger,EFFECT,1,1,1,Part_Amulet_Minor_GunReload,,
Harbinger,Named Amulet,Balance_Amulet_Unique_Harbinger,EFFECT,1,1,1,Part_Amulet_Minor_Luck,,
Harbinger,Named Amulet,Balance_Amulet_Unique_Harbinger,EFFECT,1,1,0.5,Part_Amulet_Minor_SkillCooldown,,
Harbinger,Named Amulet,Balance_Amulet_Unique_Harbinger,EFFECT,1,1,1,Part_Amulet_Minor_StatusChance,,
Harbinger,Named Amulet,Balance_Amulet_Unique_Harbinger,EFFECT,1,1,1,Part_Amulet_Minor_StatusDamage,,
Harbinger,Named Amulet,Balance_Amulet_Unique_Harbinger,EFFECT,1,1,1,Part_Amulet_Minor_DarkMagic_MaxLeech,,
Harbinger,Named Amulet,Balance_Amulet_Unique_Harbinger,RARITY,1,1,1,Part_Amulet_05_LegenDary,,
Harmonious Dingledangle (Brr-Zerker),Named Amulet,Balance_Amulet_Unique_Plot05_HDD_Barb,UNIQUE,1,1,1,Part_Amulet_Plot05_HDD,,
Harmonious Dingledangle (Brr-Zerker),Named Amulet,Balance_Amulet_Unique_Plot05_HDD_Barb,CLASS,1,1,1,Part_Amulet_ClassStat_Barbarian,,
Harmonious Dingledangle (Brr-Zerker),Named Amulet,Balance_Amulet_Unique_Plot05_HDD_Barb,ELEMENT,1,1,1,Part_Amulet_Ele_Fire,,
Harmonious Dingledangle (Brr-Zerker),Named Amulet,Balance_Amulet_Unique_Plot05_HDD_Barb,EFFECT,1,2,0.5,Part_Amulet_Minor_AllDamage,,
Harmonious Dingledangle (Brr-Zerker),Named Amulet,Balance_Amulet_Unique_Plot05_HDD_Barb,EFFECT,1,2,0.35,Part_Amulet_Minor_AllDamage,,
Harmonious Dingledangle (Brr-Zerker),Named Amulet,Balance_Amulet_Unique_Plot05_HDD_Barb,EFFECT,1,2,0.35,Part_Amulet_Minor_GunFireRate,,
Harmonious Dingledangle (Brr-Zerker),Named Amulet,Balance_Amulet_Unique_Plot05_HDD_Barb,EFFECT,1,2,0.245,Part_Amulet_Minor_GunFireRate,,
Harmonious Dingledangle (Brr-Zerker),Named Amulet,Balance_Amulet_Unique_Plot05_HDD_Barb,EFFECT,1,2,1,Part_Amulet_Minor_GunHandling,,
Harmonious Dingledangle (Brr-Zerker),Named Amulet,Balance_Amulet_Unique_Plot05_HDD_Barb,EFFECT,1,2,0.7,Part_Amulet_Minor_GunHandling,,
Harmonious Dingledangle (Brr-Zerker),Named Amulet,Balance_Amulet_Unique_Plot05_HDD_Barb,EFFECT,1,2,1,Part_Amulet_Minor_GunMagazineSize,,
Harmonious Dingledangle (Brr-Zerker),Named Amulet,Balance_Amulet_Unique_Plot05_HDD_Barb,EFFECT,1,2,0.7,Part_Amulet_Minor_GunMagazineSize,,
Harmonious Dingledangle (Brr-Zerker),Named Amulet,Balance_Amulet_Unique_Plot05_HDD_Barb,EFFECT,1,2,1,Part_Amulet_Minor_GunReload,,
Harmonious Dingledangle (Brr-Zerker),Named Amulet,Balance_Amulet_Unique_Plot05_HDD_Barb,EFFECT,1,2,0.7,Part_Amulet_Minor_GunReload,,
Harmonious Dingledangle (Brr-Zerker),Named Amulet,Balance_Amulet_Unique_Plot05_HDD_Barb,EFFECT,1,2,0.5,Part_Amulet_Minor_Luck,,
Harmonious Dingledangle (Brr-Zerker),Named Amulet,Balance_Amulet_Unique_Plot05_HDD_Barb,EFFECT,1,2,0.35,Part_Amulet_Minor_Luck,,
Harmonious Dingledangle (Brr-Zerker),Named Amulet,Balance_Amulet_Unique_Plot05_HDD_Barb,EFFECT,1,2,1,Part_Amulet_Minor_SkillCooldown,,
Harmonious Dingledangle (Brr-Zerker),Named Amulet,Balance_Amulet_Unique_Plot05_HDD_Barb,EFFECT,1,2,0.7,Part_Amulet_Minor_SkillCooldown,,
Harmonious Dingledangle (Brr-Zerker),Named Amulet,Balance_Amulet_Unique_Plot05_HDD_Barb,EFFECT,1,2,1,Part_Amulet_Minor_StatusChance,,
Harmonious Dingledangle (Brr-Zerker),Named Amulet,Balance_Amulet_Unique_Plot05_HDD_Barb,EFFECT,1,2,0.7,Part_Amulet_Minor_StatusChance,,
Harmonious Dingledangle (Brr-Zerker),Named Amulet,Balance_Amulet_Unique_Plot05_HDD_Barb,EFFECT,1,2,1,Part_Amulet_Minor_StatusDamage,,
Harmonious Dingledangle (Brr-Zerker),Named Amulet,Balance_Amulet_Unique_Plot05_HDD_Barb,EFFECT,1,2,0.7,Part_Amulet_Minor_StatusDamage,,
Harmonious Dingledangle (Brr-Zerker),Named Amulet,Balance_Amulet_Unique_Plot05_HDD_Barb,EFFECT,1,2,1,Part_Amulet_Minor_DarkMagic_MaxLeech,,
Harmonious Dingledangle (Brr-Zerker),Named Amulet,Balance_Amulet_Unique_Plot05_HDD_Barb,EFFECT,1,2,0.7,Part_Amulet_Minor_DarkMagic_MaxLeech,,
Harmonious Dingledangle (Brr-Zerker),Named Amulet,Balance_Amulet_Unique_Plot05_HDD_Barb,RARITY,1,1,1,Part_Amulet_03_Rare,,
Harmonious Dingledangle (Clawbringer),Named Amulet,Balance_Amulet_Unique_Plot05_HDD_KotC,UNIQUE,1,1,1,Part_Amulet_Plot05_HDD,,
Harmonious Dingledangle (Clawbringer),Named Amulet,Balance_Amulet_Unique_Plot05_HDD_KotC,CLASS,1,1,1,Part_Amulet_ClassStat_KotC,,
Harmonious Dingledangle (Clawbringer),Named Amulet,Balance_Amulet_Unique_Plot05_HDD_KotC,ELEMENT,1,1,1,Part_Amulet_Ele_Fire,,
Harmonious Dingledangle (Clawbringer),Named Amulet,Balance_Amulet_Unique_Plot05_HDD_KotC,EFFECT,1,2,0.5,Part_Amulet_Minor_AllDamage,,
Harmonious Dingledangle (Clawbringer),Named Amulet,Balance_Amulet_Unique_Plot05_HDD_KotC,EFFECT,1,2,0.35,Part_Amulet_Minor_AllDamage,,
Harmonious Dingledangle (Clawbringer),Named Amulet,Balance_Amulet_Unique_Plot05_HDD_KotC,EFFECT,1,2,0.35,Part_Amulet_Minor_GunFireRate,,
Harmonious Dingledangle (Clawbringer),Named Amulet,Balance_Amulet_Unique_Plot05_HDD_KotC,EFFECT,1,2,0.245,Part_Amulet_Minor_GunFireRate,,
Harmonious Dingledangle (Clawbringer),Named Amulet,Balance_Amulet_Unique_Plot05_HDD_KotC,EFFECT,1,2,1,Part_Amulet_Minor_GunHandling,,
Harmonious Dingledangle (Clawbringer),Named Amulet,Balance_Amulet_Unique_Plot05_HDD_KotC,EFFECT,1,2,0.7,Part_Amulet_Minor_GunHandling,,
Harmonious Dingledangle (Clawbringer),Named Amulet,Balance_Amulet_Unique_Plot05_HDD_KotC,EFFECT,1,2,1,Part_Amulet_Minor_GunMagazineSize,,
Harmonious Dingledangle (Clawbringer),Named Amulet,Balance_Amulet_Unique_Plot05_HDD_KotC,EFFECT,1,2,0.7,Part_Amulet_Minor_GunMagazineSize,,
Harmonious Dingledangle (Clawbringer),Named Amulet,Balance_Amulet_Unique_Plot05_HDD_KotC,EFFECT,1,2,1,Part_Amulet_Minor_GunReload,,
Harmonious Dingledangle (Clawbringer),Named Amulet,Balance_Amulet_Unique_Plot05_HDD_KotC,EFFECT,1,2,0.7,Part_Amulet_Minor_GunReload,,
Harmonious Dingledangle (Clawbringer),Named Amulet,Balance_Amulet_Unique_Plot05_HDD_KotC,EFFECT,1,2,0.5,Part_Amulet_Minor_Luck,,
Harmonious Dingledangle (Clawbringer),Named Amulet,Balance_Amulet_Unique_Plot05_HDD_KotC,EFFECT,1,2,0.35,Part_Amulet_Minor_Luck,,
Harmonious Dingledangle (Clawbringer),Named Amulet,Balance_Amulet_Unique_Plot05_HDD_KotC,EFFECT,1,2,1,Part_Amulet_Minor_SkillCooldown,,
Harmonious Dingledangle (Clawbringer),Named Amulet,Balance_Amulet_Unique_Plot05_HDD_KotC,EFFECT,1,2,0.7,Part_Amulet_Minor_SkillCooldown,,
Harmonious Dingledangle (Clawbringer),Named Amulet,Balance_Amulet_Unique_Plot05_HDD_KotC,EFFECT,1,2,1,Part_Amulet_Minor_StatusChance,,
Harmonious Dingledangle (Clawbringer),Named Amulet,Balance_Amulet_Unique_Plot05_HDD_KotC,EFFECT,1,2,0.7,Part_Amulet_Minor_StatusChance,,
Harmonious Dingledangle (Clawbringer),Named Amulet,Balance_Amulet_Unique_Plot05_HDD_KotC,EFFECT,1,2,1,Part_Amulet_Minor_StatusDamage,,
Harmonious Dingledangle (Clawbringer),Named Amulet,Balance_Amulet_Unique_Plot05_HDD_KotC,EFFECT,1,2,0.7,Part_Amulet_Minor_StatusDamage,,
Harmonious Dingledangle (Clawbringer),Named Amulet,Balance_Amulet_Unique_Plot05_HDD_KotC,EFFECT,1,2,1,Part_Amulet_Minor_DarkMagic_MaxLeech,,
Harmonious Dingledangle (Clawbringer),Named Amulet,Balance_Amulet_Unique_Plot05_HDD_KotC,EFFECT,1,2,0.7,Part_Amulet_Minor_DarkMagic_MaxLeech,,
Harmonious Dingledangle (Clawbringer),Named Amulet,Balance_Amulet_Unique_Plot05_HDD_KotC,RARITY,1,1,1,Part_Amulet_03_Rare,,
Harmonious Dingledangle (Graveborn),Named Amulet,Balance_Amulet_Unique_Plot05_HDD_Necro,UNIQUE,1,1,1,Part_Amulet_Plot05_HDD,,
Harmonious Dingledangle (Graveborn),Named Amulet,Balance_Amulet_Unique_Plot05_HDD_Necro,CLASS,1,1,1,Part_Amulet_ClassStat_Necromancer,,
Harmonious Dingledangle (Graveborn),Named Amulet,Balance_Amulet_Unique_Plot05_HDD_Necro,ELEMENT,1,1,1,Part_Amulet_Ele_Fire,,
Harmonious Dingledangle (Graveborn),Named Amulet,Balance_Amulet_Unique_Plot05_HDD_Necro,EFFECT,1,2,0.5,Part_Amulet_Minor_AllDamage,,
Harmonious Dingledangle (Graveborn),Named Amulet,Balance_Amulet_Unique_Plot05_HDD_Necro,EFFECT,1,2,0.35,Part_Amulet_Minor_AllDamage,,
Harmonious Dingledangle (Graveborn),Named Amulet,Balance_Amulet_Unique_Plot05_HDD_Necro,EFFECT,1,2,0.35,Part_Amulet_Minor_GunFireRate,,
Harmonious Dingledangle (Graveborn),Named Amulet,Balance_Amulet_Unique_Plot05_HDD_Necro,EFFECT,1,2,0.245,Part_Amulet_Minor_GunFireRate,,
Harmonious Dingledangle (Graveborn),Named Amulet,Balance_Amulet_Unique_Plot05_HDD_Necro,EFFECT,1,2,1,Part_Amulet_Minor_GunHandling,,
Harmonious Dingledangle (Graveborn),Named Amulet,Balance_Amulet_Unique_Plot05_HDD_Necro,EFFECT,1,2,0.7,Part_Amulet_Minor_GunHandling,,
Harmonious Dingledangle (Graveborn),Named Amulet,Balance_Amulet_Unique_Plot05_HDD_Necro,EFFECT,1,2,1,Part_Amulet_Minor_GunMagazineSize,,
Harmonious Dingledangle (Graveborn),Named Amulet,Balance_Amulet_Unique_Plot05_HDD_Necro,EFFECT,1,2,0.7,Part_Amulet_Minor_GunMagazineSize,,
Harmonious Dingledangle (Graveborn),Named Amulet,Balance_Amulet_Unique_Plot05_HDD_Necro,EFFECT,1,2,1,Part_Amulet_Minor_GunReload,,
Harmonious Dingledangle (Graveborn),Named Amulet,Balance_Amulet_Unique_Plot05_HDD_Necro,EFFECT,1,2,0.7,Part_Amulet_Minor_GunReload,,
Harmonious Dingledangle (Graveborn),Named Amulet,Balance_Amulet_Unique_Plot05_HDD_Necro,EFFECT,1,2,0.5,Part_Amulet_Minor_Luck,,
Harmonious Dingledangle (Graveborn),Named Amulet,Balance_Amulet_Unique_Plot05_HDD_Necro,EFFECT,1,2,0.35,Part_Amulet_Minor_Luck,,
Harmonious Dingledangle (Graveborn),Named Amulet,Balance_Amulet_Unique_Plot05_HDD_Necro,EFFECT,1,2,1,Part_Amulet_Minor_SkillCooldown,,
Harmonious Dingledangle (Graveborn),Named Amulet,Balance_Amulet_Unique_Plot05_HDD_Necro,EFFECT,1,2,0.7,Part_Amulet_Minor_SkillCooldown,,
Harmonious Dingledangle (Graveborn),Named Amulet,Balance_Amulet_Unique_Plot05_HDD_Necro,EFFECT,1,2,1,Part_Amulet_Minor_StatusChance,,
Harmonious Dingledangle (Graveborn),Named Amulet,Balance_Amulet_Unique_Plot05_HDD_Necro,EFFECT,1,2,0.7,Part_Amulet_Minor_StatusChance,,
Harmonious Dingledangle (Graveborn),Named Amulet,Balance_Amulet_Unique_Plot05_HDD_Necro,EFFECT,1,2,1,Part_Amulet_Minor_StatusDamage,,
Harmonious Dingledangle (Graveborn),Named Amulet,Balance_Amulet_Unique_Plot05_HDD_Necro,EFFECT,1,2,0.7,Part_Amulet_Minor_StatusDamage,,
Harmonious Dingledangle (Graveborn),Named Amulet,Balance_Amulet_Unique_Plot05_HDD_Necro,EFFECT,1,2,1,Part_Amulet_Minor_DarkMagic_MaxLeech,,
Harmonious Dingledangle (Graveborn),Named Amulet,Balance_Amulet_Unique_Plot05_HDD_Necro,EFFECT,1,2,0.7,Part_Amulet_Minor_DarkMagic_MaxLeech,,
Harmonious Dingledangle (Graveborn),Named Amulet,Balance_Amulet_Unique_Plot05_HDD_Necro,RARITY,1,1,1,Part_Amulet_03_Rare,,
Harmonious Dingledangle (Spellshot),Named Amulet,Balance_Amulet_Unique_Plot05_HDD_GunMage,UNIQUE,1,1,1,Part_Amulet_Plot05_HDD,,
Harmonious Dingledangle (Spellshot),Named Amulet,Balance_Amulet_Unique_Plot05_HDD_GunMage,CLASS,1,1,1,Part_Amulet_ClassStat_GunMage,,
Harmonious Dingledangle (Spellshot),Named Amulet,Balance_Amulet_Unique_Plot05_HDD_GunMage,ELEMENT,1,1,1,Part_Amulet_Ele_Fire,,
Harmonious Dingledangle (Spellshot),Named Amulet,Balance_Amulet_Unique_Plot05_HDD_GunMage,EFFECT,1,2,0.5,Part_Amulet_Minor_AllDamage,,
Harmonious Dingledangle (Spellshot),Named Amulet,Balance_Amulet_Unique_Plot05_HDD_GunMage,EFFECT,1,2,0.35,Part_Amulet_Minor_AllDamage,,
Harmonious Dingledangle (Spellshot),Named Amulet,Balance_Amulet_Unique_Plot05_HDD_GunMage,EFFECT,1,2,0.35,Part_Amulet_Minor_GunFireRate,,
Harmonious Dingledangle (Spellshot),Named Amulet,Balance_Amulet_Unique_Plot05_HDD_GunMage,EFFECT,1,2,0.245,Part_Amulet_Minor_GunFireRate,,
Harmonious Dingledangle (Spellshot),Named Amulet,Balance_Amulet_Unique_Plot05_HDD_GunMage,EFFECT,1,2,1,Part_Amulet_Minor_GunHandling,,
Harmonious Dingledangle (Spellshot),Named Amulet,Balance_Amulet_Unique_Plot05_HDD_GunMage,EFFECT,1,2,0.7,Part_Amulet_Minor_GunHandling,,
Harmonious Dingledangle (Spellshot),Named Amulet,Balance_Amulet_Unique_Plot05_HDD_GunMage,EFFECT,1,2,1,Part_Amulet_Minor_GunMagazineSize,,
Harmonious Dingledangle (Spellshot),Named Amulet,Balance_Amulet_Unique_Plot05_HDD_GunMage,EFFECT,1,2,0.7,Part_Amulet_Minor_GunMagazineSize,,
Harmonious Dingledangle (Spellshot),Named Amulet,Balance_Amulet_Unique_Plot05_HDD_GunMage,EFFECT,1,2,1,Part_Amulet_Minor_GunReload,,
Harmonious Dingledangle (Spellshot),Named Amulet,Balance_Amulet_Unique_Plot05_HDD_GunMage,EFFECT,1,2,0.7,Part_Amulet_Minor_GunReload,,
Harmonious Dingledangle (Spellshot),Named Amulet,Balance_Amulet_Unique_Plot05_HDD_GunMage,EFFECT,1,2,0.5,Part_Amulet_Minor_Luck,,
Harmonious Dingledangle (Spellshot),Named Amulet,Balance_Amulet_Unique_Plot05_HDD_GunMage,EFFECT,1,2,0.35,Part_Amulet_Minor_Luck,,
Harmonious Dingledangle (Spellshot),Named Amulet,Balance_Amulet_Unique_Plot05_HDD_GunMage,EFFECT,1,2,1,Part_Amulet_Minor_SkillCooldown,,
Harmonious Dingledangle (Spellshot),Named Amulet,Balance_Amulet_Unique_Plot05_HDD_GunMage,EFFECT,1,2,0.7,Part_Amulet_Minor_SkillCooldown,,
Harmonious Dingledangle (Spellshot),Named Amulet,Balance_Amulet_Unique_Plot05_HDD_GunMage,EFFECT,1,2,1,Part_Amulet_Minor_StatusChance,,
Harmonious Dingledangle (Spellshot),Named Amulet,Balance_Amulet_Unique_Plot05_HDD_GunMage,EFFECT,1,2,0.7,Part_Amulet_Minor_StatusChance,,
Harmonious Dingledangle (Spellshot),Named Amulet,Balance_Amulet_Unique_Plot05_HDD_GunMage,EFFECT,1,2,1,Part_Amulet_Minor_StatusDamage,,
Harmonious Dingledangle (Spellshot),Named Amulet,Balance_Amulet_Unique_Plot05_HDD_GunMage,EFFECT,1,2,0.7,Part_Amulet_Minor_StatusDamage,,
Harmonious Dingledangle (Spellshot),Named Amulet,Balance_Amulet_Unique_Plot05_HDD_GunMage,EFFECT,1,2,1,Part_Amulet_Minor_DarkMagic_MaxLeech,,
Harmonious Dingledangle (Spellshot),Named Amulet,Balance_Amulet_Unique_Plot05_HDD_GunMage,EFFECT,1,2,0.7,Part_Amulet_Minor_DarkMagic_MaxLeech,,
Harmonious Dingledangle (Spellshot),Named Amulet,Balance_Amulet_Unique_Plot05_HDD_GunMage,RARITY,1,1,1,Part_Amulet_03_Rare,,
Harmonious Dingledangle (Spore Warden),Named Amulet,Balance_Amulet_Unique_Plot05_HDD_Ranger,UNIQUE,1,1,1,Part_Amulet_Plot05_HDD,,
Harmonious Dingledangle (Spore Warden),Named Amulet,Balance_Amulet_Unique_Plot05_HDD_Ranger,CLASS,1,1,1,Part_Amulet_ClassStat_Ranger,,
Harmonious Dingledangle (Spore Warden),Named Amulet,Balance_Amulet_Unique_Plot05_HDD_Ranger,ELEMENT,1,1,1,Part_Amulet_Ele_Fire,,
Harmonious Dingledangle (Spore Warden),Named Amulet,Balance_Amulet_Unique_Plot05_HDD_Ranger,EFFECT,1,2,0.5,Part_Amulet_Minor_AllDamage,,
Harmonious Dingledangle (Spore Warden),Named Amulet,Balance_Amulet_Unique_Plot05_HDD_Ranger,EFFECT,1,2,0.35,Part_Amulet_Minor_AllDamage,,
Harmonious Dingledangle (Spore Warden),Named Amulet,Balance_Amulet_Unique_Plot05_HDD_Ranger,EFFECT,1,2,0.35,Part_Amulet_Minor_GunFireRate,,
Harmonious Dingledangle (Spore Warden),Named Amulet,Balance_Amulet_Unique_Plot05_HDD_Ranger,EFFECT,1,2,0.245,Part_Amulet_Minor_GunFireRate,,
Harmonious Dingledangle (Spore Warden),Named Amulet,Balance_Amulet_Unique_Plot05_HDD_Ranger,EFFECT,1,2,1,Part_Amulet_Minor_GunHandling,,
Harmonious Dingledangle (Spore Warden),Named Amulet,Balance_Amulet_Unique_Plot05_HDD_Ranger,EFFECT,1,2,0.7,Part_Amulet_Minor_GunHandling,,
Harmonious Dingledangle (Spore Warden),Named Amulet,Balance_Amulet_Unique_Plot05_HDD_Ranger,EFFECT,1,2,1,Part_Amulet_Minor_GunMagazineSize,,
Harmonious Dingledangle (Spore Warden),Named Amulet,Balance_Amulet_Unique_Plot05_HDD_Ranger,EFFECT,1,2,0.7,Part_Amulet_Minor_GunMagazineSize,,
Harmonious Dingledangle (Spore Warden),Named Amulet,Balance_Amulet_Unique_Plot05_HDD_Ranger,EFFECT,1,2,1,Part_Amulet_Minor_GunReload,,
Harmonious Dingledangle (Spore Warden),Named Amulet,Balance_Amulet_Unique_Plot05_HDD_Ranger,EFFECT,1,2,0.7,Part_Amulet_Minor_GunReload,,
Harmonious Dingledangle (Spore Warden),Named Amulet,Balance_Amulet_Unique_Plot05_HDD_Ranger,EFFECT,1,2,0.5,Part_Amulet_Minor_Luck,,
Harmonious Dingledangle (Spore Warden),Named Amulet,Balance_Amulet_Unique_Plot05_HDD_Ranger,EFFECT,1,2,0.35,Part_Amulet_Minor_Luck,,
Harmonious Dingledangle (Spore Warden),Named Amulet,Balance_Amulet_Unique_Plot05_HDD_Ranger,EFFECT,1,2,1,Part_Amulet_Minor_SkillCooldown,,
Harmonious Dingledangle (Spore Warden),Named Amulet,Balance_Amulet_Unique_Plot05_HDD_Ranger,EFFECT,1,2,0.7,Part_Amulet_Minor_SkillCooldown,,
Harmonious Dingledangle (Spore Warden),Named Amulet,Balance_Amulet_Unique_Plot05_HDD_Ranger,EFFECT,1,2,1,Part_Amulet_Minor_StatusChance,,
Harmonious Dingledangle (Spore Warden),Named Amulet,Balance_Amulet_Unique_Plot05_HDD_Ranger,EFFECT,1,2,0.7,Part_Amulet_Minor_StatusChance,,
Harmonious Dingledangle (Spore Warden),Named Amulet,Balance_Amulet_Unique_Plot05_HDD_Ranger,EFFECT,1,2,1,Part_Amulet_Minor_StatusDamage,,
Harmonious Dingledangle (Spore Warden),Named Amulet,Balance_Amulet_Unique_Plot05_HDD_Ranger,EFFECT,1,2,0.7,Part_Amulet_Minor_StatusDamage,,
Harmonious Dingledangle (Spore Warden),Named Amulet,Balance_Amulet_Unique_Plot05_HDD_Ranger,EFFECT,1,2,1,Part_Amulet_Minor_DarkMagic_MaxLeech,,
Harmonious Dingledangle (Spore Warden),Named Amulet,Balance_Amulet_Unique_Plot05_HDD_Ranger,EFFECT,1,2,0.7,Part_Amulet_Minor_DarkMagic_MaxLeech,,
Harmonious Dingledangle (Spore Warden),Named Amulet,Balance_Amulet_Unique_Plot05_HDD_Ranger,RARITY,1,1,1,Part_Amulet_03_Rare,,
Harmonious Dingledangle (Stabbomancer),Named Amulet,Balance_Amulet_Unique_Plot05_HDD_Rogue,UNIQUE,1,1,1,Part_Amulet_Plot05_HDD,,
Harmonious Dingledangle (Stabbomancer),Named Amulet,Balance_Amulet_Unique_Plot05_HDD_Rogue,CLASS,1,1,1,Part_Amulet_ClassStat_Rogue,,
Harmonious Dingledangle (Stabbomancer),Named Amulet,Balance_Amulet_Unique_Plot05_HDD_Rogue,ELEMENT,1,1,1,Part_Amulet_Ele_Fire,,
Harmonious Dingledangle (Stabbomancer),Named Amulet,Balance_Amulet_Unique_Plot05_HDD_Rogue,EFFECT,1,2,0.5,Part_Amulet_Minor_AllDamage,,
Harmonious Dingledangle (Stabbomancer),Named Amulet,Balance_Amulet_Unique_Plot05_HDD_Rogue,EFFECT,1,2,0.35,Part_Amulet_Minor_AllDamage,,
Harmonious Dingledangle (Stabbomancer),Named Amulet,Balance_Amulet_Unique_Plot05_HDD_Rogue,EFFECT,1,2,0.35,Part_Amulet_Minor_GunFireRate,,
Harmonious Dingledangle (Stabbomancer),Named Amulet,Balance_Amulet_Unique_Plot05_HDD_Rogue,EFFECT,1,2,0.245,Part_Amulet_Minor_GunFireRate,,
Harmonious Dingledangle (Stabbomancer),Named Amulet,Balance_Amulet_Unique_Plot05_HDD_Rogue,EFFECT,1,2,1,Part_Amulet_Minor_GunHandling,,
Harmonious Dingledangle (Stabbomancer),Named Amulet,Balance_Amulet_Unique_Plot05_HDD_Rogue,EFFECT,1,2,0.7,Part_Amulet_Minor_GunHandling,,
Harmonious Dingledangle (Stabbomancer),Named Amulet,Balance_Amulet_Unique_Plot05_HDD_Rogue,EFFECT,1,2,1,Part_Amulet_Minor_GunMagazineSize,,
Harmonious Dingledangle (Stabbomancer),Named Amulet,Balance_Amulet_Unique_Plot05_HDD_Rogue,EFFECT,1,2,0.7,Part_Amulet_Minor_GunMagazineSize,,
Harmonious Dingledangle (Stabbomancer),Named Amulet,Balance_Amulet_Unique_Plot05_HDD_Rogue,EFFECT,1,2,1,Part_Amulet_Minor_GunReload,,
Harmonious Dingledangle (Stabbomancer),Named Amulet,Balance_Amulet_Unique_Plot05_HDD_Rogue,EFFECT,1,2,0.7,Part_Amulet_Minor_GunReload,,
Harmonious Dingledangle (Stabbomancer),Named Amulet,Balance_Amulet_Unique_Plot05_HDD_Rogue,EFFECT,1,2,0.5,Part_Amulet_Minor_Luck,,
Harmonious Dingledangle (Stabbomancer),Named Amulet,Balance_Amulet_Unique_Plot05_HDD_Rogue,EFFECT,1,2,0.35,Part_Amulet_Minor_Luck,,
Harmonious Dingledangle (Stabbomancer),Named Amulet,Balance_Amulet_Unique_Plot05_HDD_Rogue,EFFECT,1,2,1,Part_Amulet_Minor_SkillCooldown,,
Harmonious Dingledangle (Stabbomancer),Named Amulet,Balance_Amulet_Unique_Plot05_HDD_Rogue,EFFECT,1,2,0.7,Part_Amulet_Minor_SkillCooldown,,
Harmonious Dingledangle (Stabbomancer),Named Amulet,Balance_Amulet_Unique_Plot05_HDD_Rogue,EFFECT,1,2,1,Part_Amulet_Minor_StatusChance,,
Harmonious Dingledangle (Stabbomancer),Named Amulet,Balance_Amulet_Unique_Plot05_HDD_Rogue,EFFECT,1,2,0.7,Part_Amulet_Minor_StatusChance,,
Harmonious Dingledangle (Stabbomancer),Named Amulet,Balance_Amulet_Unique_Plot05_HDD_Rogue,EFFECT,1,2,1,Part_Amulet_Minor_StatusDamage,,
Harmonious Dingledangle (Stabbomancer),Named Amulet,Balance_Amulet_Unique_Plot05_HDD_Rogue,EFFECT,1,2,0.7,Part_Amulet_Minor_StatusDamage,,
Harmonious Dingledangle (Stabbomancer),Named Amulet,Balance_Amulet_Unique_Plot05_HDD_Rogue,EFFECT,1,2,1,Part_Amulet_Minor_DarkMagic_MaxLeech,,
Harmonious Dingledangle (Stabbomancer),Named Amulet,Balance_Amulet_Unique_Plot05_HDD_Rogue,EFFECT,1,2,0.7,Part_Amulet_Minor_DarkMagic_MaxLeech,,
Harmonious Dingledangle (Stabbomancer),Named Amulet,Balance_Amulet_Unique_Plot05_HDD_Rogue,RARITY,1,1,1,Part_Amulet_03_Rare,,
Joint Training,Named Amulet,Balance_Amulet_Unique_JointTraining,UNIQUE,1,1,1,Part_Amulet_JointTraining,,
Joint Training,Named Amulet,Balance_Amulet_Unique_JointTraining,CLASS,1,1,1,Part_Amulet_ClassStat_Barbarian,,
Joint Training,Named Amulet,Balance_Amulet_Unique_JointTraining,CLASS,1,1,1,Part_Amulet_ClassStat_GunMage,,
Joint Training,Named Amulet,Balance_Amulet_Unique_JointTraining,CLASS,1,1,1,Part_Amulet_ClassStat_KotC,,
Joint Training,Named Amulet,Balance_Amulet_Unique_JointTraining,CLASS,1,1,1,Part_Amulet_ClassStat_Necromancer,,
Joint Training,Named Amulet,Balance_Amulet_Unique_JointTraining,CLASS,1,1,1,Part_Amulet_ClassStat_Ranger,,
Joint Training,Named Amulet,Balance_Amulet_Unique_JointTraining,CLASS,1,1,1,Part_Amulet_ClassStat_Rogue,,
Joint Training,Named Amulet,Balance_Amulet_Unique_JointTraining,ELEMENT,1,1,1,Part_Amulet_Ele_Acid,,
Joint Training,Named Amulet,Balance_Amulet_Unique_JointTraining,ELEMENT,1,1,1,Part_Amulet_Ele_Blood,,
Joint Training,Named Amulet,Balance_Amulet_Unique_JointTraining,ELEMENT,1,1,1,Part_Amulet_Ele_Cryo,,
Joint Training,Named Amulet,Balance_Amulet_Unique_JointTraining,ELEMENT,1,1,1,Part_Amulet_Ele_Fire,,
Joint Training,Named Amulet,Balance_Amulet_Unique_JointTraining,ELEMENT,1,1,1,Part_Amulet_Ele_Shock,,
Joint Training,Named Amulet,Balance_Amulet_Unique_JointTraining,EFFECT,2,2,0.5,Part_Amulet_Minor_AllDamage,,
Joint Training,Named Amulet,Balance_Amulet_Unique_JointTraining,EFFECT,2,2,0.35,Part_Amulet_Minor_AllDamage,,
Joint Training,Named Amulet,Balance_Amulet_Unique_JointTraining,EFFECT,2,2,0.35,Part_Amulet_Minor_GunFireRate,,
Joint Training,Named Amulet,Balance_Amulet_Unique_JointTraining,EFFECT,2,2,0.245,Part_Amulet_Minor_GunFireRate,,
Joint Training,Named Amulet,Balance_Amulet_Unique_JointTraining,EFFECT,2,2,1,Part_Amulet_Minor_GunHandling,,
Joint Training,Named Amulet,Balance_Amulet_Unique_JointTraining,EFFECT,2,2,0.7,Part_Amulet_Minor_GunHandling,,
Joint Training,Named Amulet,Balance_Amulet_Unique_JointTraining,EFFECT,2,2,1,Part_Amulet_Minor_GunMagazineSize,,
Joint Training,Named Amulet,Balance_Amulet_Unique_JointTraining,EFFECT,2,2,0.7,Part_Amulet_Minor_GunMagazineSize,,
Joint Training,Named Amulet,Balance_Amulet_Unique_JointTraining,EFFECT,2,2,1,Part_Amulet_Minor_GunReload,,
Joint Training,Named Amulet,Balance_Amulet_Unique_JointTraining,EFFECT,2,2,0.7,Part_Amulet_Minor_GunReload,,
Joint Training,Named Amulet,Balance_Amulet_Unique_JointTraining,EFFECT,2,2,0.5,Part_Amulet_Minor_Luck,,
Joint Training,Named Amulet,Balance_Amulet_Unique_JointTraining,EFFECT,2,2,0.35,Part_Amulet_Minor_Luck,,
Joint Training,Named Amulet,Balance_Amulet_Unique_JointTraining,EFFECT,2,2,1,Part_Amulet_Minor_SkillCooldown,,
Joint Training,Named Amulet,Balance_Amulet_Unique_JointTraining,EFFECT,2,2,0.7,Part_Amulet_Minor_SkillCooldown,,
Joint Training,Named Amulet,Balance_Amulet_Unique_JointTraining,EFFECT,2,2,1,Part_Amulet_Minor_StatusChance,,
Joint Training,Named Amulet,Balance_Amulet_Unique_JointTraining,EFFECT,2,2,0.7,Part_Amulet_Minor_StatusChance,,
Joint Training,Named Amulet,Balance_Amulet_Unique_JointTraining,EFFECT,2,2,1,Part_Amulet_Minor_StatusDamage,,
Joint Training,Named Amulet,Balance_Amulet_Unique_JointTraining,EFFECT,2,2,0.7,Part_Amulet_Minor_StatusDamage,,
Joint Training,Named Amulet,Balance_Amulet_Unique_JointTraining,EFFECT,2,2,1,Part_Amulet_Minor_DarkMagic_MaxLeech,,
Joint Training,Named Amulet,Balance_Amulet_Unique_JointTraining,EFFECT,2,2,0.7,Part_Amulet_Minor_DarkMagic_MaxLeech,,
Joint Training,Named Amulet,Balance_Amulet_Unique_JointTraining,RARITY,1,1,1,Part_Amulet_05_LegenDary,,
Overflow Bloodbag,Named Amulet,Balance_Amulets_OverflowBloodbag,UNIQUE,1,1,1,Part_Amulet_OverflowBloodbag,,
Overflow Bloodbag,Named Amulet,Balance_Amulets_OverflowBloodbag,CLASS,1,1,1,Part_Amulet_ClassStat_Barbarian,,
Overflow Bloodbag,Named Amulet,Balance_Amulets_OverflowBloodbag,CLASS,1,1,1,Part_Amulet_ClassStat_GunMage,,
Overflow Bloodbag,Named Amulet,Balance_Amulets_OverflowBloodbag,CLASS,1,1,1,Part_Amulet_ClassStat_KotC,,
Overflow Bloodbag,Named Amulet,Balance_Amulets_OverflowBloodbag,CLASS,1,1,1,Part_Amulet_ClassStat_Necromancer,,
Overflow Bloodbag,Named Amulet,Balance_Amulets_OverflowBloodbag,CLASS,1,1,1,Part_Amulet_ClassStat_Ranger,,
Overflow Bloodbag,Named Amulet,Balance_Amulets_OverflowBloodbag,CLASS,1,1,1,Part_Amulet_ClassStat_Rogue,,
Overflow Bloodbag,Named Amulet,Balance_Amulets_OverflowBloodbag,ELEMENT,1,1,1,Part_Amulet_Ele_Fire,,
Overflow Bloodbag,Named Amulet,Balance_Amulets_OverflowBloodbag,ELEMENT,1,1,1,Part_Amulet_Ele_Acid,,
Overflow Bloodbag,Named Amulet,Balance_Amulets_OverflowBloodbag,ELEMENT,1,1,1,Part_Amulet_Ele_Shock,,
Overflow Bloodbag,Named Amulet,Balance_Amulets_OverflowBloodbag,ELEMENT,1,1,1,Part_Amulet_Ele_Cryo,,
Overflow Bloodbag,Named Amulet,Balance_Amulets_OverflowBloodbag,ELEMENT,1,1,1,Part_Amulet_Ele_Blood,,
Overflow Bloodbag,Named Amulet,Balance_Amulets_OverflowBloodbag,EFFECT,2,2,0.5,Part_Amulet_Minor_AllDamage,,
Overflow Bloodbag,Named Amulet,Balance_Amulets_OverflowBloodbag,EFFECT,2,2,0.35,Part_Amulet_Minor_AllDamage,,
Overflow Bloodbag,Named Amulet,Balance_Amulets_OverflowBloodbag,EFFECT,2,2,0.35,Part_Amulet_Minor_GunFireRate,,
Overflow Bloodbag,Named Amulet,Balance_Amulets_OverflowBloodbag,EFFECT,2,2,0.245,Part_Amulet_Minor_GunFireRate,,
Overflow Bloodbag,Named Amulet,Balance_Amulets_OverflowBloodbag,EFFECT,2,2,1,Part_Amulet_Minor_GunHandling,,
Overflow Bloodbag,Named Amulet,Balance_Amulets_OverflowBloodbag,EFFECT,2,2,0.7,Part_Amulet_Minor_GunHandling,,
Overflow Bloodbag,Named Amulet,Balance_Amulets_OverflowBloodbag,EFFECT,2,2,1,Part_Amulet_Minor_GunMagazineSize,,
Overflow Bloodbag,Named Amulet,Balance_Amulets_OverflowBloodbag,EFFECT,2,2,0.7,Part_Amulet_Minor_GunMagazineSize,,
Overflow Bloodbag,Named Amulet,Balance_Amulets_OverflowBloodbag,EFFECT,2,2,1,Part_Amulet_Minor_GunReload,,
Overflow Bloodbag,Named Amulet,Balance_Amulets_OverflowBloodbag,EFFECT,2,2,0.7,Part_Amulet_Minor_GunReload,,
Overflow Bloodbag,Named Amulet,Balance_Amulets_OverflowBloodbag,EFFECT,2,2,0.5,Part_Amulet_Minor_Luck,,
Overflow Bloodbag,Named Amulet,Balance_Amulets_OverflowBloodbag,EFFECT,2,2,0.35,Part_Amulet_Minor_Luck,,
Overflow Bloodbag,Named Amulet,Balance_Amulets_OverflowBloodbag,EFFECT,2,2,1,Part_Amulet_Minor_SkillCooldown,,
Overflow Bloodbag,Named Amulet,Balance_Amulets_OverflowBloodbag,EFFECT,2,2,0.7,Part_Amulet_Minor_SkillCooldown,,
Overflow Bloodbag,Named Amulet,Balance_Amulets_OverflowBloodbag,EFFECT,2,2,1,Part_Amulet_Minor_StatusChance,,
Overflow Bloodbag,Named Amulet,Balance_Amulets_OverflowBloodbag,EFFECT,2,2,0.7,Part_Amulet_Minor_StatusChance,,
Overflow Bloodbag,Named Amulet,Balance_Amulets_OverflowBloodbag,EFFECT,2,2,1,Part_Amulet_Minor_StatusDamage,,
Overflow Bloodbag,Named Amulet,Balance_Amulets_OverflowBloodbag,EFFECT,2,2,0.7,Part_Amulet_Minor_StatusDamage,,
Overflow Bloodbag,Named Amulet,Balance_Amulets_OverflowBloodbag,EFFECT,2,2,1,Part_Amulet_Minor_DarkMagic_MaxLeech,,
Overflow Bloodbag,Named Amulet,Balance_Amulets_OverflowBloodbag,EFFECT,2,2,0.7,Part_Amulet_Minor_DarkMagic_MaxLeech,,
Overflow Bloodbag,Named Amulet,Balance_Amulets_OverflowBloodbag,RARITY,1,1,1,Part_Amulet_05_LegenDary,,
Rivote's Amulet,Named Amulet,Balance_Amulet_Unique_RonRivote,UNIQUE,1,1,1,Part_Amulet_RonRivote,,
Rivote's Amulet,Named Amulet,Balance_Amulet_Unique_RonRivote,CLASS,1,1,1,Part_Amulet_ClassStat_Ranger,,
Rivote's Amulet,Named Amulet,Balance_Amulet_Unique_RonRivote,ELEMENT,1,1,1,Part_Amulet_Ele_Shock,,
Rivote's Amulet,Named Amulet,Balance_Amulet_Unique_RonRivote,EFFECT,2,2,1,Part_Amulet_Minor_Luck,,
Rivote's Amulet,Named Amulet,Balance_Amulet_Unique_RonRivote,EFFECT,2,2,1,Part_Amulet_Minor_Luck,,
Rivote's Amulet,Named Amulet,Balance_Amulet_Unique_RonRivote,RARITY,1,1,1,Part_Amulet_03_Rare,,
Sacrificial Skeep,Named Amulet,Balance_Amulets_SacSkeep,UNIQUE,1,1,1,Part_Amulet_SacSkeep,,
Sacrificial Skeep,Named Amulet,Balance_Amulets_SacSkeep,CLASS,1,1,1,Part_Amulet_ClassStat_Barbarian,,
Sacrificial Skeep,Named Amulet,Balance_Amulets_SacSkeep,CLASS,1,1,1,Part_Amulet_ClassStat_GunMage,,
Sacrificial Skeep,Named Amulet,Balance_Amulets_SacSkeep,CLASS,1,1,1,Part_Amulet_ClassStat_KotC,,
Sacrificial Skeep,Named Amulet,Balance_Amulets_SacSkeep,CLASS,1,1,1,Part_Amulet_ClassStat_Necromancer,,
Sacrificial Skeep,Named Amulet,Balance_Amulets_SacSkeep,CLASS,1,1,1,Part_Amulet_ClassStat_Ranger,,
Sacrificial Skeep,Named Amulet,Balance_Amulets_SacSkeep,CLASS,1,1,1,Part_Amulet_ClassStat_Rogue,,
Sacrificial Skeep,Named Amulet,Balance_Amulets_SacSkeep,ELEMENT,1,1,1,Part_Amulet_Ele_Fire,,
Sacrificial Skeep,Named Amulet,Balance_Amulets_SacSkeep,ELEMENT,1,1,1,Part_Amulet_Ele_Acid,,
Sacrificial Skeep,Named Amulet,Balance_Amulets_SacSkeep,ELEMENT,1,1,1,Part_Amulet_Ele_Shock,,
Sacrificial Skeep,Named Amulet,Balance_Amulets_SacSkeep,ELEMENT,1,1,1,Part_Amulet_Ele_Cryo,,
Sacrificial Skeep,Named Amulet,Balance_Amulets_SacSkeep,ELEMENT,1,1,1,Part_Amulet_Ele_Blood,,
Sacrificial Skeep,Named Amulet,Balance_Amulets_SacSkeep,EFFECT,2,2,0.5,Part_Amulet_Minor_AllDamage,,
Sacrificial Skeep,Named Amulet,Balance_Amulets_SacSkeep,EFFECT,2,2,0.35,Part_Amulet_Minor_AllDamage,,
Sacrificial Skeep,Named Amulet,Balance_Amulets_SacSkeep,EFFECT,2,2,0.35,Part_Amulet_Minor_GunFireRate,,
Sacrificial Skeep,Named Amulet,Balance_Amulets_SacSkeep,EFFECT,2,2,0.245,Part_Amulet_Minor_GunFireRate,,
Sacrificial Skeep,Named Amulet,Balance_Amulets_SacSkeep,EFFECT,2,2,1,Part_Amulet_Minor_GunHandling,,
Sacrificial Skeep,Named Amulet,Balance_Amulets_SacSkeep,EFFECT,2,2,0.7,Part_Amulet_Minor_GunHandling,,
Sacrificial Skeep,Named Amulet,Balance_Amulets_SacSkeep,EFFECT,2,2,1,Part_Amulet_Minor_GunMagazineSize,,
Sacrificial Skeep,Named Amulet,Balance_Amulets_SacSkeep,EFFECT,2,2,0.7,Part_Amulet_Minor_GunMagazineSize,,
Sacrificial Skeep,Named Amulet,Balance_Amulets_SacSkeep,EFFECT,2,2,1,Part_Amulet_Minor_GunReload,,
Sacrificial Skeep,Named Amulet,Balance_Amulets_SacSkeep,EFFECT,2,2,0.7,Part_Amulet_Minor_GunReload,,
Sacrificial Skeep,Named Amulet,Balance_Amulets_SacSkeep,EFFECT,2,2,0.5,Part_Amulet_Minor_Luck,,
Sacrificial Skeep,Named Amulet,Balance_Amulets_SacSkeep,EFFECT,2,2,0.35,Part_Amulet_Minor_Luck,,
Sacrificial Skeep,Named Amulet,Balance_Amulets_SacSkeep,EFFECT,2,2,1,Part_Amulet_Minor_SkillCooldown,,
Sacrificial Skeep,Named Amulet,Balance_Amulets_SacSkeep,EFFECT,2,2,0.7,Part_Amulet_Minor_SkillCooldown,,
Sacrificial Skeep,Named Amulet,Balance_Amulets_SacSkeep,EFFECT,2,2,1,Part_Amulet_Minor_StatusChance,,
Sacrificial Skeep,Named Amulet,Balance_Amulets_SacSkeep,EFFECT,2,2,0.7,Part_Amulet_Minor_StatusChance,,
Sacrificial Skeep,Named Amulet,Balance_Amulets_SacSkeep,EFFECT,2,2,1,Part_Amulet_Minor_StatusDamage,,
Sacrificial Skeep,Named Amulet,Balance_Amulets_SacSkeep,EFFECT,2,2,0.7,Part_Amulet_Minor_StatusDamage,,
Sacrificial Skeep,Named Amulet,Balance_Amulets_SacSkeep,EFFECT,2,2,1,Part_Amulet_Minor_DarkMagic_MaxLeech,,
Sacrificial Skeep,Named Amulet,Balance_Amulets_SacSkeep,EFFECT,2,2,0.7,Part_Amulet_Minor_DarkMagic_MaxLeech,,
Sacrificial Skeep,Named Amulet,Balance_Amulets_SacSkeep,RARITY,1,1,1,Part_Amulet_04_VeryRare,,
Slip 'n' Stun,Named Amulet,Balance_Amulet_Unique_SlipnStun,UNIQUE,1,1,1,Part_Amulet_SlipnStun,,
Slip 'n' Stun,Named Amulet,Balance_Amulet_Unique_SlipnStun,CLASS,1,1,1,Part_Amulet_ClassStat_Barbarian,,
Slip 'n' Stun,Named Amulet,Balance_Amulet_Unique_SlipnStun,CLASS,1,1,1,Part_Amulet_ClassStat_GunMage,,
Slip 'n' Stun,Named Amulet,Balance_Amulet_Unique_SlipnStun,CLASS,1,1,1,Part_Amulet_ClassStat_KotC,,
Slip 'n' Stun,Named Amulet,Balance_Amulet_Unique_SlipnStun,CLASS,1,1,1,Part_Amulet_ClassStat_Necromancer,,
Slip 'n' Stun,Named Amulet,Balance_Amulet_Unique_SlipnStun,CLASS,1,1,1,Part_Amulet_ClassStat_Ranger,,
Slip 'n' Stun,Named Amulet,Balance_Amulet_Unique_SlipnStun,CLASS,1,1,1,Part_Amulet_ClassStat_Rogue,,
Slip 'n' Stun,Named Amulet,Balance_Amulet_Unique_SlipnStun,ELEMENT,1,1,1,Part_Amulet_Ele_Shock,,
Slip 'n' Stun,Named Amulet,Balance_Amulet_Unique_SlipnStun,EFFECT,1,2,1,Part_Amulet_Minor_AllDamage,,
Slip 'n' Stun,Named Amulet,Balance_Amulet_Unique_SlipnStun,EFFECT,1,2,1,Part_Amulet_Minor_AllDamage,,
Slip 'n' Stun,Named Amulet,Balance_Amulet_Unique_SlipnStun,EFFECT,1,2,0.5,Part_Amulet_Minor_GunFireRate,,
Slip 'n' Stun,Named Amulet,Balance_Amulet_Unique_SlipnStun,EFFECT,1,2,0.5,Part_Amulet_Minor_GunFireRate,,
Slip 'n' Stun,Named Amulet,Balance_Amulet_Unique_SlipnStun,EFFECT,1,2,1,Part_Amulet_Minor_GunHandling,,
Slip 'n' Stun,Named Amulet,Balance_Amulet_Unique_SlipnStun,EFFECT,1,2,1,Part_Amulet_Minor_GunHandling,,
Slip 'n' Stun,Named Amulet,Balance_Amulet_Unique_SlipnStun,EFFECT,1,2,1,Part_Amulet_Minor_GunMagazineSize,,
Slip 'n' Stun,Named Amulet,Balance_Amulet_Unique_SlipnStun,EFFECT,1,2,1,Part_Amulet_Minor_GunMagazineSize,,
Slip 'n' Stun,Named Amulet,Balance_Amulet_Unique_SlipnStun,EFFECT,1,2,1,Part_Amulet_Minor_GunReload,,
Slip 'n' Stun,Named Amulet,Balance_Amulet_Unique_SlipnStun,EFFECT,1,2,1,Part_Amulet_Minor_GunReload,,
Slip 'n' Stun,Named Amulet,Balance_Amulet_Unique_SlipnStun,EFFECT,1,2,1,Part_Amulet_Minor_Luck,,
Slip 'n' Stun,Named Amulet,Balance_Amulet_Unique_SlipnStun,EFFECT,1,2,1,Part_Amulet_Minor_Luck,,
Slip 'n' Stun,Named Amulet,Balance_Amulet_Unique_SlipnStun,EFFECT,1,2,0.5,Part_Amulet_Minor_SkillCooldown,,
Slip 'n' Stun,Named Amulet,Balance_Amulet_Unique_SlipnStun,EFFECT,1,2,0.5,Part_Amulet_Minor_SkillCooldown,,
Slip 'n' Stun,Named Amulet,Balance_Amulet_Unique_SlipnStun,EFFECT,1,2,1,Part_Amulet_Minor_StatusChance,,
Slip 'n' Stun,Named Amulet,Balance_Amulet_Unique_SlipnStun,EFFECT,1,2,1,Part_Amulet_Minor_StatusChance,,
Slip 'n' Stun,Named Amulet,Balance_Amulet_Unique_SlipnStun,EFFECT,1,2,1,Part_Amulet_Minor_StatusDamage,,
Slip 'n' Stun,Named Amulet,Balance_Amulet_Unique_SlipnStun,EFFECT,1,2,1,Part_Amulet_Minor_StatusDamage,,
Slip 'n' Stun,Named Amulet,Balance_Amulet_Unique_SlipnStun,EFFECT,1,2,1,Part_Amulet_Minor_DarkMagic_MaxLeech,,
Slip 'n' Stun,Named Amulet,Balance_Amulet_Unique_SlipnStun,EFFECT,1,2,1,Part_Amulet_Minor_DarkMagic_MaxLeech,,
Slip 'n' Stun,Named Amulet,Balance_Amulet_Unique_SlipnStun,RARITY,1,1,1,Part_Amulet_05_LegenDary,,
The Protagonizer,Named Amulet,Balance_Amulet_Unique_PracticalFocus,UNIQUE,1,1,1,Part_Amulet_PracticalFocus,,
The Protagonizer,Named Amulet,Balance_Amulet_Unique_PracticalFocus,CLASS,1,1,1,Part_Amulet_ClassStat_Barbarian,,
The Protagonizer,Named Amulet,Balance_Amulet_Unique_PracticalFocus,CLASS,1,1,1,Part_Amulet_ClassStat_GunMage,,
The Protagonizer,Named Amulet,Balance_Amulet_Unique_PracticalFocus,CLASS,1,1,1,Part_Amulet_ClassStat_KotC,,
The Protagonizer,Named Amulet,Balance_Amulet_Unique_PracticalFocus,CLASS,1,1,1,Part_Amulet_ClassStat_Necromancer,,
The Protagonizer,Named Amulet,Balance_Amulet_Unique_PracticalFocus,CLASS,1,1,1,Part_Amulet_ClassStat_Ranger,,
The Protagonizer,Named Amulet,Balance_Amulet_Unique_PracticalFocus,CLASS,1,1,1,Part_Amulet_ClassStat_Rogue,,
The Protagonizer,Named Amulet,Balance_Amulet_Unique_PracticalFocus,ELEMENT,1,1,1,Part_Amulet_Ele_Acid,,
The Protagonizer,Named Amulet,Balance_Amulet_Unique_PracticalFocus,ELEMENT,1,1,1,Part_Amulet_Ele_Blood,,
The Protagonizer,Named Amulet,Balance_Amulet_Unique_PracticalFocus,ELEMENT,1,1,1,Part_Amulet_Ele_Cryo,,
The Protagonizer,Named Amulet,Balance_Amulet_Unique_PracticalFocus,ELEMENT,1,1,1,Part_Amulet_Ele_Fire,,
The Protagonizer,Named Amulet,Balance_Amulet_Unique_PracticalFocus,ELEMENT,1,1,1,Part_Amulet_Ele_Shock,,
The Protagonizer,Named Amulet,Balance_Amulet_Unique_PracticalFocus,EFFECT,1,2,1,Part_Amulet_Minor_AllDamage,,
The Protagonizer,Named Amulet,Balance_Amulet_Unique_PracticalFocus,EFFECT,1,2,1,Part_Amulet_Minor_AllDamage,,
The Protagonizer,Named Amulet,Balance_Amulet_Unique_PracticalFocus,EFFECT,1,2,0.5,Part_Amulet_Minor_GunFireRate,,
The Protagonizer,Named Amulet,Balance_Amulet_Unique_PracticalFocus,EFFECT,1,2,0.5,Part_Amulet_Minor_GunFireRate,,
The Protagonizer,Named Amulet,Balance_Amulet_Unique_PracticalFocus,EFFECT,1,2,1,Part_Amulet_Minor_GunHandling,,
The Protagonizer,Named Amulet,Balance_Amulet_Unique_PracticalFocus,EFFECT,1,2,1,Part_Amulet_Minor_GunHandling,,
The Protagonizer,Named Amulet,Balance_Amulet_Unique_PracticalFocus,EFFECT,1,2,1,Part_Amulet_Minor_GunMagazineSize,,
The Protagonizer,Named Amulet,Balance_Amulet_Unique_PracticalFocus,EFFECT,1,2,1,Part_Amulet_Minor_GunMagazineSize,,
The Protagonizer,Named Amulet,Balance_Amulet_Unique_PracticalFocus,EFFECT,1,2,1,Part_Amulet_Minor_GunReload,,
The Protagonizer,Named Amulet,Balance_Amulet_Unique_PracticalFocus,EFFECT,1,2,1,Part_Amulet_Minor_GunReload,,
The Protagonizer,Named Amulet,Balance_Amulet_Unique_PracticalFocus,EFFECT,1,2,1,Part_Amulet_Minor_Luck,,
The Protagonizer,Named Amulet,Balance_Amulet_Unique_PracticalFocus,EFFECT,1,2,1,Part_Amulet_Minor_Luck,,
The Protagonizer,Named Amulet,Balance_Amulet_Unique_PracticalFocus,EFFECT,1,2,0.5,Part_Amulet_Minor_SkillCooldown,,
The Protagonizer,Named Amulet,Balance_Amulet_Unique_PracticalFocus,EFFECT,1,2,0.5,Part_Amulet_Minor_SkillCooldown,,
The Protagonizer,Named Amulet,Balance_Amulet_Unique_PracticalFocus,EFFECT,1,2,1,Part_Amulet_Minor_StatusChance,,
The Protagonizer,Named Amulet,Balance_Amulet_Unique_PracticalFocus,EFFECT,1,2,1,Part_Amulet_Minor_StatusChance,,
The Protagonizer,Named Amulet,Balance_Amulet_Unique_PracticalFocus,EFFECT,1,2,1,Part_Amulet_Minor_StatusDamage,,
The Protagonizer,Named Amulet,Balance_Amulet_Unique_PracticalFocus,EFFECT,1,2,1,Part_Amulet_Minor_StatusDamage,,
The Protagonizer,Named Amulet,Balance_Amulet_Unique_PracticalFocus,EFFECT,1,2,1,Part_Amulet_Minor_DarkMagic_MaxLeech,,
The Protagonizer,Named Amulet,Balance_Amulet_Unique_PracticalFocus,EFFECT,1,2,1,Part_Amulet_Minor_DarkMagic_MaxLeech,,
The Protagonizer,Named Amulet,Balance_Amulet_Unique_PracticalFocus,RARITY,1,1,1,Part_Amulet_05_LegenDary,,
Theurge,Named Amulet,Balance_Amulet_Unique_Theruge,UNIQUE,1,1,1,Part_Amulet_Theruge,,
Theurge,Named Amulet,Balance_Amulet_Unique_Theruge,CLASS,1,1,1,Part_Amulet_ClassStat_Barbarian,,
Theurge,Named Amulet,Balance_Amulet_Unique_Theruge,CLASS,1,1,1,Part_Amulet_ClassStat_GunMage,,
Theurge,Named Amulet,Balance_Amulet_Unique_Theruge,CLASS,1,1,1,Part_Amulet_ClassStat_KotC,,
Theurge,Named Amulet,Balance_Amulet_Unique_Theruge,CLASS,1,1,1,Part_Amulet_ClassStat_Necromancer,,
Theurge,Named Amulet,Balance_Amulet_Unique_Theruge,CLASS,1,1,1,Part_Amulet_ClassStat_Ranger,,
Theurge,Named Amulet,Balance_Amulet_Unique_Theruge,CLASS,1,1,1,Part_Amulet_ClassStat_Rogue,,
Theurge,Named Amulet,Balance_Amulet_Unique_Theruge,ELEMENT,1,1,1,Part_Amulet_Ele_Acid,,
Theurge,Named Amulet,Balance_Amulet_Unique_Theruge,ELEMENT,1,1,1,Part_Amulet_Ele_Blood,,
Theurge,Named Amulet,Balance_Amulet_Unique_Theruge,ELEMENT,1,1,1,Part_Amulet_Ele_Cryo,,
Theurge,Named Amulet,Balance_Amulet_Unique_Theruge,ELEMENT,1,1,1,Part_Amulet_Ele_Fire,,
Theurge,Named Amulet,Balance_Amulet_Unique_Theruge,ELEMENT,1,1,1,Part_Amulet_Ele_Shock,,
Theurge,Named Amulet,Balance_Amulet_Unique_Theruge,EFFECT,2,2,0.5,Part_Amulet_Minor_AllDamage,,
Theurge,Named Amulet,Balance_Amulet_Unique_Theruge,EFFECT,2,2,0.35,Part_Amulet_Minor_AllDamage,,
Theurge,Named Amulet,Balance_Amulet_Unique_Theruge,EFFECT,2,2,0.35,Part_Amulet_Minor_GunFireRate,,
Theurge,Named Amulet,Balance_Amulet_Unique_Theruge,EFFECT,2,2,0.245,Part_Amulet_Minor_GunFireRate,,
Theurge,Named Amulet,Balance_Amulet_Unique_Theruge,EFFECT,2,2,1,Part_Amulet_Minor_GunHandling,,
Theurge,Named Amulet,Balance_Amulet_Unique_Theruge,EFFECT,2,2,0.7,Part_Amulet_Minor_GunHandling,,
Theurge,Named Amulet,Balance_Amulet_Unique_Theruge,EFFECT,2,2,1,Part_Amulet_Minor_GunMagazineSize,,
Theurge,Named Amulet,Balance_Amulet_Unique_Theruge,EFFECT,2,2,0.7,Part_Amulet_Minor_GunMagazineSize,,
Theurge,Named Amulet,Balance_Amulet_Unique_Theruge,EFFECT,2,2,1,Part_Amulet_Minor_GunReload,,
Theurge,Named Amulet,Balance_Amulet_Unique_Theruge,EFFECT,2,2,0.7,Part_Amulet_Minor_GunReload,,
Theurge,Named Amulet,Balance_Amulet_Unique_Theruge,EFFECT,2,2,0.5,Part_Amulet_Minor_Luck,,
Theurge,Named Amulet,Balance_Amulet_Unique_Theruge,EFFECT,2,2,0.35,Part_Amulet_Minor_Luck,,
Theurge,Named Amulet,Balance_Amulet_Unique_Theruge,EFFECT,2,2,1,Part_Amulet_Minor_SkillCooldown,,
Theurge,Named Amulet,Balance_Amulet_Unique_Theruge,EFFECT,2,2,0.7,Part_Amulet_Minor_SkillCooldown,,
Theurge,Named Amulet,Balance_Amulet_Unique_Theruge,EFFECT,2,2,1,Part_Amulet_Minor_StatusChance,,
Theurge,Named Amulet,Balance_Amulet_Unique_Theruge,EFFECT,2,2,0.7,Part_Amulet_Minor_StatusChance,,
Theurge,Named Amulet,Balance_Amulet_Unique_Theruge,EFFECT,2,2,1,Part_Amulet_Minor_StatusDamage,,
Theurge,Named Amulet,Balance_Amulet_Unique_Theruge,EFFECT,2,2,0.7,Part_Amulet_Minor_StatusDamage,,
Theurge,Named Amulet,Balance_Amulet_Unique_Theruge,EFFECT,2,2,1,Part_Amulet_Minor_DarkMagic_MaxLeech,,
Theurge,Named Amulet,Balance_Amulet_Unique_Theruge,EFFECT,2,2,0.7,Part_Amulet_Minor_DarkMagic_MaxLeech,,
Theurge,Named Amulet,Balance_Amulet_Unique_Theruge,RARITY,1,1,1,Part_Amulet_05_LegenDary,,
Universal Soldier,Named Amulet,Balance_Amulet_Unique_UniversalSoldier,UNIQUE,2,2,1,Part_Amulet_UniversalSoldier,,
Universal Soldier,Named Amulet,Balance_Amulet_Unique_UniversalSoldier,UNIQUE,2,2,1,Part_Amulet_UniversalSoldier_GunDamage,,
Universal Soldier,Named Amulet,Balance_Amulet_Unique_UniversalSoldier,CLASS,1,1,1,Part_Amulet_ClassStat_Barbarian,,
Universal Soldier,Named Amulet,Balance_Amulet_Unique_UniversalSoldier,CLASS,1,1,1,Part_Amulet_ClassStat_GunMage,,
Universal Soldier,Named Amulet,Balance_Amulet_Unique_UniversalSoldier,CLASS,1,1,1,Part_Amulet_ClassStat_KotC,,
Universal Soldier,Named Amulet,Balance_Amulet_Unique_UniversalSoldier,CLASS,1,1,1,Part_Amulet_ClassStat_Necromancer,,
Universal Soldier,Named Amulet,Balance_Amulet_Unique_UniversalSoldier,CLASS,1,1,1,Part_Amulet_ClassStat_Ranger,,
Universal Soldier,Named Amulet,Balance_Amulet_Unique_UniversalSoldier,CLASS,1,1,1,Part_Amulet_ClassStat_Rogue,,
Universal Soldier,Named Amulet,Balance_Amulet_Unique_UniversalSoldier,EFFECT,2,2,0.5,Part_Amulet_Minor_AllDamage,,
Universal Soldier,Named Amulet,Balance_Amulet_Unique_UniversalSoldier,EFFECT,2,2,0.35,Part_Amulet_Minor_AllDamage,,
Universal Soldier,Named Amulet,Balance_Amulet_Unique_UniversalSoldier,EFFECT,2,2,0.35,Part_Amulet_Minor_GunFireRate,,
Universal Soldier,Named Amulet,Balance_Amulet_Unique_UniversalSoldier,EFFECT,2,2,0.245,Part_Amulet_Minor_GunFireRate,,
Universal Soldier,Named Amulet,Balance_Amulet_Unique_UniversalSoldier,EFFECT,2,2,1,Part_Amulet_Minor_GunHandling,,
Universal Soldier,Named Amulet,Balance_Amulet_Unique_UniversalSoldier,EFFECT,2,2,0.7,Part_Amulet_Minor_GunHandling,,
Universal Soldier,Named Amulet,Balance_Amulet_Unique_UniversalSoldier,EFFECT,2,2,1,Part_Amulet_Minor_GunMagazineSize,,
Universal Soldier,Named Amulet,Balance_Amulet_Unique_UniversalSoldier,EFFECT,2,2,0.7,Part_Amulet_Minor_GunMagazineSize,,
Universal Soldier,Named Amulet,Balance_Amulet_Unique_UniversalSoldier,EFFECT,2,2,1,Part_Amulet_Minor_GunReload,,
Universal Soldier,Named Amulet,Balance_Amulet_Unique_UniversalSoldier,EFFECT,2,2,0.7,Part_Amulet_Minor_GunReload,,
Universal Soldier,Named Amulet,Balance_Amulet_Unique_UniversalSoldier,EFFECT,2,2,0.5,Part_Amulet_Minor_Luck,,
Universal Soldier,Named Amulet,Balance_Amulet_Unique_UniversalSoldier,EFFECT,2,2,0.35,Part_Amulet_Minor_Luck,,
Universal Soldier,Named Amulet,Balance_Amulet_Unique_UniversalSoldier,EFFECT,2,2,1,Part_Amulet_Minor_SkillCooldown,,
Universal Soldier,Named Amulet,Balance_Amulet_Unique_UniversalSoldier,EFFECT,2,2,0.7,Part_Amulet_Minor_SkillCooldown,,
Universal Soldier,Named Amulet,Balance_Amulet_Unique_UniversalSoldier,EFFECT,2,2,1,Part_Amulet_Minor_StatusChance,,
Universal Soldier,Named Amulet,Balance_Amulet_Unique_UniversalSoldier,EFFECT,2,2,0.7,Part_Amulet_Minor_StatusChance,,
Universal Soldier,Named Amulet,Balance_Amulet_Unique_UniversalSoldier,EFFECT,2,2,1,Part_Amulet_Minor_StatusDamage,,
Universal Soldier,Named Amulet,Balance_Amulet_Unique_UniversalSoldier,EFFECT,2,2,0.7,Part_Amulet_Minor_StatusDamage,,
Universal Soldier,Named Amulet,Balance_Amulet_Unique_UniversalSoldier,EFFECT,2,2,1,Part_Amulet_Minor_DarkMagic_MaxLeech,,
Universal Soldier,Named Amulet,Balance_Amulet_Unique_UniversalSoldier,EFFECT,2,2,0.7,Part_Amulet_Minor_DarkMagic_MaxLeech,,
Universal Soldier,Named Amulet,Balance_Amulet_Unique_UniversalSoldier,RARITY,1,1,1,Part_Amulet_05_LegenDary,,
Vorcanar's Cog,Named Amulet,Balance_Amulet_Unique_GTFO,UNIQUE,1,1,1,Part_Amulet_GTFO,,
Vorcanar's Cog,Named Amulet,Balance_Amulet_Unique_GTFO,CLASS,1,1,1,Part_Amulet_ClassStat_KotC,,
Vorcanar's Cog,Named Amulet,Balance_Amulet_Unique_GTFO,ELEMENT,1,1,1,Part_Amulet_Ele_Fire,,
Vorcanar's Cog,Named Amulet,Balance_Amulet_Unique_GTFO,EFFECT,2,2,1,Part_Amulet_Minor_AllDamage,,
Vorcanar's Cog,Named Amulet,Balance_Amulet_Unique_GTFO,EFFECT,2,2,1,Part_Amulet_Minor_AllDamage,,
Vorcanar's Cog,Named Amulet,Balance_Amulet_Unique_GTFO,RARITY,1,1,1,Part_Amulet_03_Rare,,
